"Lesson 1:","",""
"私","わたし","я"
"私たち","わたしたち","мы"
"あなた","あなた","ты, вы"
"あの人","あのひと","тот человек"
"あの方","あのかた","тот человек (вежливо)"
"皆さん","みなさん","все; дамы и господа"
"先生","せんせい","учитель, преподаватель"
"教師","きょうし","учитель, преподаватель"
"学生","がくせい","студент, учащийся"
"会社員","かいしゃいん","служащий компании"
"社員","しゃいん","сотрудник"
"銀行員","ぎんこういん","банковский служащий"
"医者","いしゃ","врач"
"研究者","けんきゅうしゃ","исследователь, учёный"
"大学","だいがく","университет"
"病院","びょういん","больница"
"電気","でんき","электричество"
"だれ","だれ","кто"
"どなた","どなた","кто (вежливый эквивалент だれ)"
"何歳","なんさい","сколько лет"
"失礼ですが","しつれいですが","извините, но..."
"お名前は？","おなまえは？","как вас зовут?"
"初めまして。","はじめまして。","приятно познакомиться (при первой встрече)"
"どうぞよろしく。","どうぞよろしく。","приятно познакомиться; прошу любить и жаловать"
"こちらは～さんです。","こちらは～さんです。","это господин/госпожа ~"
"韓国","かんこく","Южная Корея"
"中国","ちゅうごく","Китай"
"","",""
"","",""
"Lesson 2:","",""
"本","ほん","книга; источник, начало"
"辞書","じしょ","словарь"
"雑誌","ざっし","журнал"
"新聞","しんぶん","газета"
"手帳","てちょう","записная книжка"
"名刺","めいし","визитная карточка"
"鉛筆","えんぴつ","карандаш"
"鍵","かぎ","ключ"
"時計","とけい","часы"
"傘","かさ","зонт"
"かばん","かばん","сумка, портфель"
"自動車","じどうしゃ","автомобиль"
"机","つくえ","стол"
"いす","いす","стул"
"英語","えいご","английский язык"
"日本語","にほんご","японский язык"
"何","なん","что"
"違います","ちがいます","нет, это не так; отличается"
"そうですか。","そうですか。","вот как; неужели?"
"あのう","あのう","э-э... (выражает нерешительность)"
"ほんの気持ちです。","ほんのきもちです。","это пустяк; это знак моей благодарности"
"どうぞ。","どうぞ。","пожалуйста; вот, возьмите"
"これからお世話になります。","これからおせわになります。","надеюсь на вашу помощь в дальнейшем"
"こちらこそよろしく。","こちらこそよろしく。","это мне приятно познакомиться"
"","",""
"","",""
"Lesson 3:","",""
"教室","きょうしつ","класс, аудитория"
"食堂","しょくどう","столовая"
"事務所","じむしょ","контора, офис"
"会議室","かいぎしつ","конференц-зал"
"受付","うけつけ","приёмная; стойка регистрации"
"部屋","へや","комната"
"階段","かいだん","лестница"
"「お」国","「お」くに","(ваша) страна"
"会社","かいしゃ","компания, фирма"
"内","うち","дом (в этом чтении)"
"電話","でんわ","телефон"
"靴","くつ","обувь, ботинок"
"たばこ","たばこ","табак, сигарета"
"売り場","うりば","отдел, прилавок (место продажи)"
"地下","ちか","подвал, цокольный этаж"
"～階","～かい","～-й этаж"
"～円","～えん","～иен"
"いくら","いくら","сколько (стоит)"
"百","ひゃく","сто"
"千","せん","тысяча"
"万","まん","десять тысяч"
"すみません。","すみません","извините"
"～でございます。","～でございます。","вежливый эквивалент です"
"駐車場","ちゅうしゃじょ","автостоянка, парковка"
"食料品","しょくりょうひん","продукты питания"
"化粧品","けしょうひん","косметика"
"婦人服","ふじんふく","женская одежда"
"紳士服","しんしふく","мужская одежда"
"家具","かぐ","мебель"
"食器","しょっき","посуда"
"電気製品","でんきせいひん","электроприборы, бытовая электроника"
"子ども服","こどもふく","детская одежда"
"おもちゃ","おもちゃ","игрушки"
"文房具","ぶんぼうぐ","канцелярские товары"
"スポーツ用品","スポーツようひん","спортивные товары"
"旅行用品","りょこうようひん","товары для путешествий"
"眼鏡","めがね","очки"
"催し物会場","もよおしものかいじょう","зал для мероприятий"
"屋上","おくじょ","крыша"
"遊園地","ゆうえんち","парк развлечений"
"","",""
"","",""
"Lesson 4:","",""
"起きます","おきます","вставать, просыпаться"
"寝ます","ねます","спать, ложиться спать"
"働きます","はたらきます","работать"
"休みます","やすみます","отдыхать; брать выходной"
"勉強します","べんきょうします","учиться, заниматься"
"終わります","おわります","заканчиваться"
"銀行","ぎんこう","банк"
"郵便局","ゆうびんきょく","почта, почтовое отделение"
"図書館","としょかん","библиотека"
"美術館","びじゅつかん","художественный музей"
"今","いま","сейчас"
"～時","～じ","～час (времени)"
"～分","～ふん","～минута"
"半","はん","половина"
"何時","なんじ","во сколько; который час"
"何分","なんぷん","сколько минут"
"午前","ごぜん","утро; до полудня"
"午後","ごご","день; после полудня"
"朝","あさ","утро"
"昼","ひる","полдень"
"夜","よる","вечер, ночь"
"晩","ばん","вечер"
"おととい","おととい","позавчера"
"きのう","きのう","вчера"
"きょう","きょう","сегодня"
"あした","あした","завтра"
"あさって","あさって","послезавтра"
"今朝","けさ","сегодня утром"
"今晩","こんばん","сегодня вечером"
"休み","やすみ","отдых, выходной, отпуск"
"昼休み","ひるやすみ","обеденный перерыв"
"毎朝","まいあさ","каждое утро"
"毎晩","まいばん","каждый вечер"
"毎日","まいにち","каждый день"
"月曜日","げつようび","понедельник"
"火曜日","かようび","вторник"
"水曜日","すいようび","среда"
"木曜日","もくようび","четверг"
"金曜日","きんようび","пятница"
"土曜日","どようび","суббота"
"日曜日","にちようび","воскресенье"
"番号","ばんごう","номер"
"何番","なんばん","какой номер"
"～から","～から","от ~, из ~"
"～まで","～まで","до ~"
"～と～","～と～","и"
"そちら","そちら","у вас; ваша сторона"
"大変ですね。","たいへんですね。","это тяжело, не правда ли?"
"ええと","ええと","ну... дайте подумать"
"お願いします。","おねがいします。","пожалуйста (прошу вас)"
"かしこまりました。","かしこまりました。","хорошо, будет сделано"
"お問い合わせの番号","おといあわせのばんごう","запрашиваемый номер"
"警察署","けいさつしょ","полиция (отделение)"
"消防署","しょうぼうしょ","пожарная часть"
"電話番号案内","でんわばんごうあんない","справочная телефонных номеров"
"","",""
"","",""
"Lesson 5:","",""
"行きます","いきます","идти, ехать"
"来ます","きます","приходить, приезжать"
"帰ります","かえります","возвращаться домой"
"学校","がっこう","школа"
"駅","えき","станция, вокзал"
"飛行機","ひこうき","самолёт"
"船","ふね","корабль, судно"
"電車","でんしゃ","электричка, электропоезд"
"地下鉄","ちかてつ","метро"
"新幹線","しんかんせん","шинкансэн (скоростной поезд)"
"自転車","じてんしゃ","велосипед"
"歩いて","あるいて","пешком"
"人","ひと","человек, люди"
"友達","ともだち","друг"
"彼","かれ","он; парень, возлюбленный"
"彼女","かのじょ","она; девушка, возлюбленная"
"家族","かぞく","семья"
"一人で","ひとりで","один, в одиночку"
"先週","せんしゅう","на прошлой неделе"
"今週","こんしゅう","на этой неделе"
"来週","らいしゅう","на следующей неделе"
"先月","せんげつ","в прошлом месяце"
"今月","こんげつ","в этом месяце"
"来月","らいげつ","в следующем месяце"
"去年","きょねん","в прошлом году"
"今年","ことち、こんねん","в этом году"
"来年","らいねん","в следующем году"
"～月","～がつ","～месяц (года)"
"何月","なんがつ","какой месяц"
"一日","ついたち","первое число месяца"
"二日","ふつか","второе число месяца"
"三日","みっか","третье число месяца"
"四日","よっか","четвёртое число месяца"
"五日","いつか","пятое число месяца"
"六日","むいか","шестое число месяца"
"七日","なのか","седьмое число месяца"
"八日","ようか","восьмое число месяца"
"九日","ここのか","девятое число месяца"
"十日","とおか","десятое число месяца"
"十四日","じゅうよっか","четырнадцатое число месяца"
"二十日","はつか","двадцатое число месяца"
"二十四日","にじゅよっか","двадцать четвёртое число месяца"
"何日","なんにち","какое число месяца"
"いつ","いつか","когда"
"誕生日","たんじょうび","день рождения"
"普通","ふつう","обычный поезд (со всеми остановками)"
"急行","きゅうこう","скорый поезд"
"特急","とっきゅう","экспресс"
"次の","つぎの","следующий"
"どういたしまして。","どういたしまして。","пожалуйста; не за что"
"～番線","～ばんせん","～-й путь (платформа)"
"祝祭日","しゅくさいじつ","государственные праздники"
"元日","がんじつ","Новый год (1 января)"
"成人の日","せいじんのひ","День совершеннолетия"
"建国記念の日","きんこくきねんひ","День основания государства"
"春分の日","しゅんぶんのひ","День весеннего равноденствия"
"昭和の日","しょうわのひ","День Шова"
"憲法記念日","けんぽうきねんび","День Конституции"
"緑の日","みどりのひ","День зелени"
"子供の日","こどものひ","День детей"
"海の日","うみのひ","День моря"
"敬老の日","けいろうのひ","День почитания пожилых"
"秋分の日","しゅうぶんのひ","День осеннего равноденствия"
"体育の日","たいいくのひ","День здоровья и спорта"
"文化の日","ぶんかのひ","День культуры"
"勤労感謝の日","きんろうかんしゃのひ","День благодарения труду"
"天皇誕生日","てんのうたんじょうび","День рождения императора"
"","",""
"Lesson 6:","",""
"食べます","たべます","есть, кушать"
"飲みます","のみます","пить"
"吸います","すいます","курить"
"見ます","みます","смотреть, видеть"
"聞きます","ききます","слушать, слышать"
"読みます","よみます","читать"
"書きます","かきます","писать"
"買います","かいます","покупать"
"撮ります","とります","фотографировать"
"会います","あいます","встречаться"
"ごはん","ごはん","еда; варёный рис"
"朝ごはん","あさごはん","завтрак"
"昼ごはん","ひるごはん","обед"
"晩ごはん","ばんごはん","ужин"
"卵","たまご","яйцо"
"肉","にく","мясо"
"魚","さかな","рыба"
"野菜","やさい","овощи"
"果物","くだもの","фрукты"
"水","みず","вода"
"お茶","おちゃ","зелёный чай"
"紅茶","こうちゃ","чёрный чай"
"牛乳","ぎゅうにゅう","молоко"
"「お」酒","「お」さけ","сакэ (японское рисовое вино)"
"映画","えいが","фильм, кино"
"手紙","てがみ","письмо"
"写真","しゃしん","фотография"
"店","みせ","магазин"
"庭","にわ","сад"
"宿題","しゅくだい","домашнее задание"
"「お」花見","「お」はなみ","любование цветением сакуры"
"いっしょに","いっしょに","вместе"
"ちょっと","ちょっと","немного; на минутку"
"いつも","いつも","всегда, обычно"
"時々","ときどき","иногда"
"それから","それから","затем, после этого"
"きゅうり","きゅうり","огурец"
"茄子","なす","баклажан"
"豆","まめ","бобы, горох"
"ねぎ","ねぎ","зелёный лук"
"白菜","はくさい","пекинская капуста"
"ほうれん草","ほうれんそう","шпинат"
"しゃがい芋","しゃがいも","картофель"
"大根","だいこん","дайкон (японская редька)"
"玉ねぎ","たまねぎ","репчатый лук"
"人参","にんじん","морковь"
"苺","いちご","клубника"
"桃","もも","персик"
"西瓜","すいか","арбуз"
"葡萄","ぶどう","виноград"
"梨","なし","груша (японская)"
"柿","かき","хурма"
"みかん","みかん","мандарин"
"りんご","りんご","яблоко"
"米","こめ","рис (сырой)"
"","",""
"","",""
"Lesson 7","",""
"切ります","きります","резать, нарезать"
"送ります","おくります","отправлять"
"あげます","あげます","давать, дарить"
"もらいます","もらいます","получать"
"貸します","かします","одалживать (давать в долг)"
"借ります","かります","брать в долг, занимать"
"教えます","おしえます","учить, преподавать"
"習います","ならいます","учиться (чему-либо)"
"かけます","かけます","звонить (по телефону)"
"手","て","рука"
"はし","はし","палочки для еды"
"はさみ","はさみ","ножницы"
"紙","かみ","бумага"
"花","はな","цветок"
"荷物","にもつ","багаж, посылка"
"お金","おかね","деньги"
"切符","きっぷ","билет"
"父","ちち","(мой) отец"
"母","はは","(моя) мать"
"お父さん","おとうさん","(чей-то) отец"
"お母さん","おかあさん","(чья-то) мать"
"もう","もう","уже"
"まだ","まだ","ещё нет"
"これから","これから","отныне, вскоре"
"ごめんください。","ごめんください。","можно войти? есть кто-нибудь дома?"
"いらっしゃい。","いらっしゃい。","добро пожаловать"
"失礼します。","しつれいします。","извините за беспокойство"
"いかがですか。","いかがですか。","не хотите ли [чего-нибудь]?"
"いただきます。","いただきます。","приятного аппетита (говорят перед едой)"
"旅行","りょこう","путешествие, поездка"
"お土産","おみやげ","сувенир, подарок"
"","",""
"","",""
"Lesson 8:","",""
"きれい「な」","きれい「な」","красивый; чистый"
"静か「な」","しずか「な」","тихий"
"にぎやか「な」","にぎやか「な」","оживлённый, людный"
"有名「な」","ゆうめい「な」","известный"
"親切「な」","しんせつ「な」","добрый, любезный"
"元気「な」","げんき「な」","бодрый, здоровый"
"暇「な」","ひま「な」","свободный (о времени)"
"便利「な」","べんり「な」","удобный"
"すてき「な」","すてき「な」","прекрасный, замечательный"
"大きい","おおきい","большой"
"小さい","ちいさい","маленький"
"新しい","あたらしい","новый"
"古い","ふるい","старый"
"いい（よい）","いい（よい）","хороший"
"悪い","わるい","плохой"
"暑い","あつい","жаркий"
"寒い","さむい","холодный (о погоде)"
"冷たい","つめたい","холодный (на ощупь)"
"難しい","むずかしい","трудный"
"易しい","やさしい","лёгкий, простой"
"高い","たかい","дорогой; высокий"
"安い","やすい","дешёвый"
"低い","ひくい","низкий"
"おもしろい","おもしろい","интересный"
"おいしい","おいしい","вкусный"
"忙しい","いそがしい","занятой"
"楽しい","たのしい","приятный, весёлый"
"白い","しろい","белый"
"黒い","くろい","чёрный"
"赤い","あかい","красный"
"青い","あおい","синий"
"桜","さくら","сакура (цветок вишни)"
"山","やま","гора"
"町","まち","город"
"食べ物","たべもの","еда"
"車","くるま","машина, автомобиль"
"所","ところ","место"
"寮","りょう","общежитие"
"勉強","べんきょう","учёба"
"生活","せいがつ","жизнь, быт"
"「お」仕事","「お」しごと","работа, дело"
"どう","どう","как"
"どんな～","どんな～","какой ~, что за ~"
"緑","みどり","зелёный"
"紫","むらさき","фиолетовый"
"黄色い","きいろい","жёлтый"
"茶色い","ちゃいろい","коричневый"
"味","あじ","вкус"
"甘い","あまい","сладкий"
"辛い","からい","острый"
"苦い","にがい","горький"
"塩辛い","しおからい","солёный"
"酸っぱい","すっぱい","кислый"
"濃い","こい","насыщенный, крепкий (о вкусе)"
"薄い","うすい","слабый, неяркий (о вкусе)"
"","",""
"","",""
"Lesson 9","",""
"わかります","わかります","понимать"
"好き「な」","すき「な」","нравиться, любить"
"嫌い「な」","きらい「な」","не нравиться, не любить"
"上手「な」","じょうず「な」","умелый, хорошо умеющий"
"下手「な」","へた「な」","неумелый, плохо умеющий"
"料理","りょうり","блюдо; готовка"
"飲み物","のみもの","напитки"
"野球","やきゅう","бейсбол"
"音楽","おんがく","музыка"
"歌","うた","песня"
"絵","え","картина, рисунок"
"字","じ","буква, знак"
"漢字","かんじ","иероглиф (кандзи)"
"細かいお金","こまかいおかね","мелочь (мелкие деньги)"
"時間","じかん","время"
"用事","ようじ","дело, поручение"
"約束","やくそく","договорённость, обещание"
"ご主人","ごしゅじん","(чей-то) муж"
"夫/主人","おっと/しゅじん","(мой) муж"
"奥さん","おくさん","(чья-то) жена"
"妻/家内","つま/かない","(моя) жена"
"子ども","こども","ребёнок"
"よく","よく","хорошо; часто, много"
"だいたい","だいたい","в основном, приблизительно"
"たくさん","たくさん","много"
"少し","すこし","немного"
"全然","ぜんぜん","совсем не (с отрицанием)"
"早く","はやく","рано; быстро"
"どうして","どうして","почему"
"残念です「ね」","ざんねんです「ね」","как жаль; очень жаль"
"民謡","みんよう","народная музыка"
"演歌","えんか","энка (традиционная японская эстрада)"
"喜劇","きげき","комедия (фильм)"
"卓球","たっきゅう","настольный теннис"
"相撲","すもう","сумо"
"柔道","じゅうどう","джудо"
"剣道","けんどう","кэндо (японское фехтование)"
"水泳","すいえい","плавание"
"","",""
"","",""
"Lesson 10:","",""
"いろいろ「な」","いろいろ「な」","разный, разнообразный"
"男の人","おとこのひと","мужчина"
"女の人","おんなのひと","женщина"
"男の子","おとこのこ","мальчик"
"女の子","おんなのこ","девочка"
"犬","いぬ","собака"
"猫","ねこ","кошка"
"木","き","дерево"
"物","もの","вещь, предмет"
"電池","でんち","батарейка"
"箱","ほこ","коробка"
"冷蔵庫","れいぞうこ","холодильник"
"棚","たな","полка"
"窓","まど","окно"
"公園","こうえん","парк"
"喫茶店","きっさてん","кафе"
"本屋","ほんや","книжный магазин"
"乗り場","のりば","остановка (стоянка такси и автобусов)"
"県","けん","префектура"
"上","うえ","на, над, сверху"
"下","した","под, внизу"
"前","まえ","перед, спереди"
"うしろ","うしろ","сзади, позади"
"右","みぎ","справа"
"左","ひだり","слева"
"中","なか","в, внутри"
"外","そと","снаружи"
"隣","となり","рядом, по соседству"
"近く","ちかく","поблизости, вблизи"
"間","あいだ","между, посередине"
"玄関","げんかん","прихожая, вход"
"風呂場","ふろば","ванная комната"
"洗面所","せんめんじょ","умывальная комната"
"台所","だいどころ","кухня"
"食堂","しょくどう","столовая"
"居間","いま","гостиная"
"寝室","しんしつ","спальня"
"廊下","そうか","коридор"
"","",""
"","",""
"Lesson 11:","",""
"います","います","быть, находиться; иметь (ребёнка)"
"かかります","かかります","требоваться (о времени или деньгах)"
"休みます","やすみます","брать выходной"
"一つ","ひとつ","один (предмет)"
"二つ","ふたつ","два (предмета)"
"三つ","みっつ","три (предмета)"
"四つ","よっつ","четыре (предмета)"
"五つ","いつつ","пять (предметов)"
"六つ","むっつ","шесть (предметов)"
"七つ","ななつ","семь (предметов)"
"八つ","やっつ","восемь (предметов)"
"九つ","ここのつ","девять (предметов)"
"十","とお","десять (предметов)"
"いくつ","いくつ","сколько (предметов)"
"一人","ひとり","один человек"
"二人","ふたり","два человека"
"ー人","ーにん","～человек (счётчик людей)"
"ー台","ーだい","счётчик машин и техники"
"ー枚","ーまい","счётчик листов, марок"
"ー回","ーかい","счётчик раз"
"りんご","りんご","яблоко"
"みかん","みかん","мандарин"
"切手","きって","почтовая марка"
"はがき","はがき","открытка"
"封筒","ふうとう","конверт"
"速達","そくたつ","срочная доставка"
"書留","かきとめ","заказное письмо"
"航空便","こうくうびん","авиапочта"
"船便","ふなびん","морская почта"
"両親","りょうしｎ","родители"
"兄弟","きょうだい","братья и сёстры"
"兄","あに","(мой) старший брат"
"お兄さん","おにいさん","(чей-то) старший брат"
"姉","あね","(моя) старшая сестра"
"お姉さん","おねえさん","(чья-то) старшая сестра"
"弟","おとうと","(мой) младший брат"
"弟さん","おとうとさん","(чей-то) младший брат"
"妹","いもうと","(моя) младшая сестра"
"妹さん","いもうとさん","(чья-то) младшая сестра"
"外国","がいこく","зарубежная страна"
"ー時間","ーじかん","～часов"
"ー週間","ーしゅうかん","～недель"
"ーか月","ーかげつ","～месяцев"
"ー年","ーねん","～лет"
"～ぐらい","ーぐらい","около ~, примерно"
"どのくらい","どのくらい","сколько (по времени)"
"全部で","ぜんぶで","всего, в общей сложности"
"みんな","みんな","все, всё"
"～だけ","～だけ","только ~"
"天どん","てんどん","тэндон (рис с темпурой из рыбы и овощей)"
"親子どん","おやこどん","оякодон (рис с курицей и яйцом)"
"牛どん","ぎゅうどん","гюдон (рис с говядиной)"
"焼肉","やきにく","жареное мясо"
"野菜いため","やさいいため","овощи, обжаренные на сковороде"
"漬物","つけもの","цукэмоно (соленья)"
"みそ汁","みそしる","суп мисо"
"おにぎり","おにぎり","онигири (рисовый шарик)"
"うどん","うどん","удон (японская лапша)"
"","",""
"","",""
"Lesson 12:","",""
"簡単「な」","かんたん「な」","лёгкий, простой"
"近い","ちかい","близкий"
"遠い","とおい","далёкий"
"速い","はやい","быстрый"
"遅い","おそい","медленный, поздний"
"多い","おおい","многочисленный, много"
"少ない","すくない","немногочисленный, мало"
"暖かい","あたたかい","тёплый"
"涼しい","すずしい","прохладный"
"甘い","あまい","сладкий"
"辛い","からい","острый"
"重い","おもい","тяжёлый"
"軽い","かるい","лёгкий (по весу)"
"いい","いい","предпочтительнее (лучше кофе)"
"季節","きせつ","время года, сезон"
"春","はる","весна"
"夏","なつ","лето"
"秋","あき","осень"
"冬","ふゆ","зима"
"天気","てんき","погода"
"雨","あめ","дождь"
"雪","ゆき","снег"
"曇り","くもり","облачность, пасмурно"
"空港","くうこう","аэропорт"
"海","うみ","море, океан"
"世界","せかい","мир, свет"
"「お」祭り","「お」まつり","праздник, фестиваль"
"試験","しけん","экзамен"
"生け花","いけばな","икэбана (композиция из цветов)"
"紅葉","もみじ","осенние красные листья, клён"
"どちら","どちら","который (из двух)"
"どちらも","どちらも","оба, и тот и другой"
"ずっと","ずっと","намного, гораздо"
"ただいま","ただいま","я дома (вернулся)"
"お帰りなさい","おかえになさい","с возвращением"
"でも","でも","но, однако"
"疲れました","つかれました","я устал"
"","",""
"","",""
"","",""
"","",""
"Lesson 13:","",""
"遊びます","あそびます","развлекаться, проводить время"
"泳ぎます","およぎます","плавать"
"迎えます","むかえます","встречать (кого-либо)"
"疲れます","つかれます","уставать"
"出します","だします","отправлять (письмо)"
"入ります","はいります","входить, заходить (в кафе)"
"出ます","でます","выходить (из кафе)"
"結婚します","けっこんします","жениться, выходить замуж"
"買い物します","かいものします","делать покупки"
"食事します","しょくじします","есть, обедать"
"散歩します","さんぽします","гулять"
"大変「な」","たいへん「な」","трудный, тяжёлый"
"欲しい","ほしい","желать, хотеть (иметь)"
"寂しい","さびしい","одинокий, тоскливый"
"広い","ひろい","широкий, просторный"
"狭い","せまい","узкий, тесный"
"市役所","しやくしょ","мэрия, городская управа"
"経済","けいざい","экономика"
"美術","びじゅつ","изобразительное искусство"
"釣り","つり","рыбалка"
"会議","かいぎ","совещание, конференция"
"登録","とうろく","регистрация"
"週末","しゅうまつ","выходные"
"何か","なにか","что-нибудь"
"どこか","どこか","где-нибудь"
"おなかがすきました。","おなかがすきました。","я проголодался"
"おなかがいっばいです。","おなかがいっばいです。","я наелся"
"のどがかわきました。","のどがかわきました。","мне хочется пить"
"定食","ていしょく","комплексный обед"
"別々に","べつべつに","раздельно, по отдельности"
"博物館","はくぶつかん","музей"
"美術館","びじゅつかん","художественный музей"
"図書館","としょかん","библиотека"
"映画館","えいがかｎ","кинотеатр"
"動物園","どうぶつえん","зоопарк"
"植物園","しょくぶつえん","ботанический сад"
"遊園地","ゆうえんち","парк развлечений"
"教会","きょうかい","церковь (христианская)"
"体育館","たいくかん","спортзал"
"公園","こうえん","парк"
"大使館","たいしかん","посольство"
"入国管理局","にゅうこくかんりきょく","иммиграционная служба"
"交番","こうばん","полицейская будка"
"消防署","しょうぼしょ","пожарная часть"
"駐車場","ちゅしゃじょう","автостоянка"
"大学","だいがく","университет"
"高校","こうこう","старшая школа"
"中学校","ちゅうがっこう","средняя школа"
"小学校","しょうがっこう","начальная школа"
"幼稚園","とうちえん","детский сад"
"肉や","にくや","мясной магазин"
"魚屋","さかなや","рыбный магазин"
"酒屋","さかや","винный магазин"
"八百屋","やおや","овощной магазин"
"喫茶店","きっさてん","кафе"
"","",""
"","",""
"Lesson 14","",""
"つけます","つけます","включать"
"消します","けします","выключать"
"開けます","あけます","открывать"
"閉めます","しめます","закрывать"
"急ぎます","いそぎます","спешить, торопиться"
"待ちます","まちます","ждать"
"止めます","とめます","останавливать, парковать"
"曲がります","まがります","поворачивать"
"持ちます","もちます","держать"
"取ります","とります","брать, передавать"
"手伝います","てつだいます","помогать (в деле)"
"呼びます","よびます","звать, вызывать"
"話します","はなします","говорить, разговаривать"
"見せます","みせます","показывать"
"教えます","おしえます","сообщать, рассказывать"
"始めます","はじめます","начинать"
"降ります","ふります","идти (о дожде)"
"名前","なまえ","имя"
"住所","じゅうしゃ","адрес"
"地図","ちず","карта"
"塩","しお","соль"
"砂糖","さとう","сахар"
"読み方","よみかた","способ чтения"
"ゆっくり","ゆっくり","медленно, не торопясь"
"すぐ","すぐ","сразу, немедленно"
"また","また","снова, опять"
"あとで","あとで","позже, потом"
"もう少し","もうすこし","ещё немного"
"まっすぐ","まっすぐ","прямо"
"お釣り","おつり","сдача"
"切符売り場","きっぶうりば","билетная касса"
"自動券売機","じどうけんばいき","автомат по продаже билетов"
"精算機","せいさんき","автомат доплаты за проезд"
"改札口","かいさつぐち","турникет (билетный контроль)"
"出口","でぐち","выход"
"入口","いりぐち","вход"
"東口","ひがしぐち","восточный выход"
"西口","にしぐち","западный выход"
"南口","みなみぐち","южный выход"
"北口","きたぐち","северный выход"
"中央口","ちゅうおうぐち","центральный выход"
"売店","ばいてん","киоск"
"片道","かたみち","в одну сторону"
"往復","おうふく","туда и обратно"
"","",""
"Lesson 15","",""
"立ちます","たちます","вставать"
"座ります","すわります","садиться"
"使います","つかいます","использовать"
"置きます","おきます","класть, ставить"
"作ります","つくります","делать, производить"
"売ります","うります","продавать"
"知ります","しります","узнавать"
"住みます","すみます","жить, проживать"
"研究します","けんきょうします","проводить исследование"
"知っています","しっています","знать"
"住んでいます","すんでいます","жить (в каком-то месте)"
"資料","しりょう","материалы, данные"
"時刻表","じこくひょう","расписание"
"服","ふく","одежда"
"製品","せいひｎ","изделия, продукция"
"専門","せんもｎ","специальность"
"歯医者","はいしゃ","стоматолог; стоматология"
"床屋","とこや","парикмахерская (мужская)"
"独身","どくしん","холостой, незамужняя"
"特に","とくに","особенно"
"思い出します","おもいだします","вспоминать"
"会社員","かいしゃいん","служащий компании"
"公務員","こうむいん","государственный служащий"
"駅員","えきいん","работник станции"
"銀行員","ぎんこういん","банковский служащий"
"郵便局員","ゆうびんきょくいん","почтовый служащий"
"店員","てんにん","продавец"
"調理師","ちょうりし","повар"
"理容師","りようし","парикмахер (мужской)"
"美容師","びようし","парикмахер-стилист"
"教師","きょうし","учитель"
"弁護士","べんごし","адвокат"
"研究者","けんきゅうしゃ","исследователь"
"医者","いしゃ","врач"
"看護婦","かんごふ","медсестра"
"運転手","うんてんしゅ","водитель"
"警察官","けんさつかん","полицейский"
"外交官","がいこうかん","дипломат"
"政治家","せいじか","политик"
"画家","がか","художник"
"作家","さっか","писатель"
"音楽家","おんがくか","музыкант"
"建築家","けんちくか","архитектор"
"歌手","かしゅ","певец"
"俳優","はいゆう","актёр, актриса"
"","",""
"Lesson 16:","",""
"乗ります","のります","садиться (в транспорт)"
"降ります","おります","выходить (из транспорта)"
"乗り換えます","のりかえます","пересаживаться (на другой поезд)"
"浴びます","あびます","принимать (душ)"
"入れます","いれます","вкладывать, вставлять"
"出します","だします","вынимать, снимать (деньги)"
"入ります","はいります","поступать (в университет)"
"出ます","でます","оканчивать (учебное заведение)"
"やめます","やめます","бросать, прекращать"
"押します","おします","толкать, нажимать"
"若い","わかい","молодой"
"長い","ながい","длинный"
"短い","みじかい","короткий"
"明るい","あかるい","светлый, яркий"
"暗い","くらい","тёмный"
"背が高い","せがたかい","высокий (о человеке)"
"頭がいい","あたまがいい","умный, сообразительный"
"体","からだ","тело"
"頭","あたま","голова"
"髪","かみ","волосы"
"顔","かお","лицо"
"目","め","глаз"
"耳","みみ","ухо"
"口","くち","рот"
"歯","は","зуб"
"おなか","おなか","живот"
"足","あし","нога"
"緑","みどり","зелёный; зелень"
"｢お｣寺","「お」てら","буддийский храм"
"神社","じんじゃ","синтоистский храм"
"留学生","りょうがくせい","студент-иностранец"
"まず","まず","прежде всего, сначала"
"お引き出しですか。","おひきだしですか。","вы снимаете деньги?"
"次に","つぎに","затем (следующий шаг)"
"お預け入れ","おあずけいれ","внесение вклада"
"お振込み","おふりこみ","перевод (платёж)"
"お振り替え","おふりかえ","перевод (денег)"
"お引き出しですか。","おひきだしですか。","снятие денег"
"通表記入","つうちょうきにゅう","обновление сберкнижки"
"残高照会","ざんだかしょうかい","запрос остатка на счёте"
"暗所番号","おんしょうばんごう","личный идентификационный номер (ПИН)"
"","",""
"","",""
"Lesson 17:","",""
"覚えます","おばえます","запоминать"
"忘れます","わすれます","забывать"
"なくします","なくします","терять"
"出します","だします","сдавать (отчёт)"
"払います","はらいます","платить"
"返します","かえします","возвращать, отдавать"
"出かけます","でかけます","выходить (из дома)"
"脱ぎます","ねぎます","снимать (одежду)"
"持っていきます","もっていきます","брать с собой (туда)"
"持ってきます","もってきます","приносить (сюда)"
"心配します","しんぱいします","беспокоиться"
"残業します","ざんぎょうします","работать сверхурочно"
"出張します","しゅっちょうします","ехать в командировку"
"大切「な」","たいせつ「な」","важный"
"大丈夫「な」","だいしょうぶ「な」","в порядке, ничего страшного"
"危ない","あぶない","опасный"
"問題","もんだい","вопрос, проблема"
"答え","こたえ","ответ"
"禁煙","きんえん","не курить (запрет курения)"
"保険証","ほけんしょう","страховое свидетельство"
"かぜ","かぜ","простуда"
"熱","ねつ","температура (жар)"
"病気","びょうき","болезнь"
"薬","くすり","лекарство"
"「お」ふろ","「お」ふろ","ванна"
"上着","うわぎ","пиджак, верхняя одежда"
"下着","したぎ","нижнее бельё"
"どうしましたか。","どうしましたか。","что случилось?"
"頭が痛い","あたまがいたい","болит голова"
"おなかが痛い","おなかが痛い","болит живот"
"歯が痛い","はがいたい","болит зуб"
"熱がある","ねつがある","есть температура (жар)"
"せきが出る","せきがでる","есть кашель"
"鼻水が出る","はなみずがでる","насморк"
"血が出る","ちがでる","идёт кровь, кровотечение"
"吐き気がする","はきけがする","тошнит"
"寒気がする","さむけがする","знобит"
"下痢をする","げりをすり","понос"
"便秘をする","べんびをする","запор"
"けがをする","けがをする","получить травму"
"やけどをする","やけどをする","обжечься"
"食欲がない","しょくよくがない","нет аппетита"
"肩がこる","かたがこる","затекли плечи"
"体がだるい","からだがだるい","ощущается вялость в теле"
"かゆい","かゆい","чешется, зудит"
"かぜ","かぜ","простуда"
"盲腸","むちょう","аппендицит"
"ぎっくり腰","ぎっくりごし","прострел в пояснице"
"ねんぎ","ねんぎ","растяжение"
"骨折","こつせつ","перелом кости"
"二日酔い","ふつかよい","похмелье"
"めまいがする","めまいがする","кружится голова"
"","",""
"","",""
"Lesson 18:","",""
"できます","できます","мочь, уметь"
"洗います","あらいます","мыть, стирать"
"弾きます","ひきます","играть (на инструменте)"
"歌います","うたいます","петь"
"集めます","あつめます","собирать, коллекционировать"
"捨てます","すてます","выбрасывать"
"換えます","かえます","менять, обменивать"
"運転します","うんてんします","водить (машину)"
"予約します","よやくします","бронировать, заказывать"
"見学します","けんがくします","посещать с ознакомительной целью"
"国際~","こくさい~","международный ~"
"現金","げんきん","наличные"
"趣味","しゅみ","хобби, увлечение"
"日記","にっき","дневник"
"「お」祈り","「お」いのり","молитва"
"課長","かちょう","начальник отдела"
"部長","ぶちょう","начальник управления"
"社長","しゃちょう","директор компании"
"とうぶつ","とうぶつ","животное"
"馬","うま","лошадь"
"ぱくじょう","ぱくじょう","ранчо, ферма"
"ほんとうですか。","ほんとうですか。","правда?"
"ぜひ","ぜひ","обязательно"
"飛ぶ","とぶ","летать"
"跳ぶ","とぶ","прыгать"
"登る","のぼる","взбираться, лезть"
"走る","ほしる","бегать"
"泳ぐ","およぐ","плавать"
"もぐる","もぐる","нырять"
"飛び込む","とびこむ","прыгать (в воду)"
"逆立ちする","さかだちする","стоять на руках"
"はう","はう","ползать"
"ける","ける","пинать, бить ногой"
"振る","ふる","махать"
"投げる","なげる","бросать"
"持ち上げる","もちあげる","поднимать"
"たたく","たたく","хлопать, стучать"
"引く","ひく","тянуть"
"押す","おす","толкать"
"曲げる","もげる","сгибать"
"伸ばす","のばす","вытягивать, выпрямлять"
"転ぶ","こるぶ","падать"
"振り向く","ふりむく","оборачиваться"
"","",""
"","",""
"Lesson 19:","",""
"登ります","のぼります","подниматься (на гору)"
"泊まります","とまります","останавливаться (в гостинице)"
"掃除します","そじします","убирать (комнату)"
"洗濯します","せんたくします","стирать (одежду)"
"練習します","れんしゅうします","тренироваться, упражняться"
"なります","なります","становиться"
"眠い","ねむい","сонный"
"強い","つよい","сильный"
"弱い","よわい","слабый"
"調子がいい","ちょうしがいい","быть в хорошем состоянии"
"調子が悪い","ちょうしがわるい","быть в плохом состоянии"
"調子","ちょうし","состояние"
"お茶","おちゃ","чайная церемония"
"一度","いちど","один раз"
"一度も","いちども","ни разу, никогда"
"だんだん","だんだん","постепенно"
"もうすぐ","もうすぐ","скоро"
"おかげさまで","おかげさまで","спасибо (благодаря вам)"
"乾杯","かんばい","за здоровье! (тост)"
"","",""
"","",""
"Lesson 20:","",""
"要ります","いります","нуждаться, требоваться (паспорт)"
"調べます","しらべます","проверять, выяснять"
"直します","なおします","чинить, исправлять"
"修理します","しゅりします","ремонтировать"
"電話します","でんわします","звонить по телефону"
"僕","ぼく","я (неформально, муж.)"
"君","きみ","ты (неформально, муж.)"
"～君","～くん","～-кун (неформальное обращение к муж.)"
"うん","うん","ага (неформальное «да»)"
"ううん","ううん","не-а (неформальное «нет»)"
"ことば","ことば","слово, язык"
"物価","ぶっか","цены (на товары)"
"着物","きもの","кимоно"
"初め","はじめ","начало"
"終わり","おわり","конец"
"こっち","こっち","сюда; здесь (неформ.)"
"そっち","そっち","туда; там (неформ.)"
"あっち","あっち","туда; там (вдали, неформ.)"
"どっち","どっち","куда; который (неформ.)"
"この間","このあいだ","на днях, недавно"
"みんなで","みんなで","все вместе"
"～けど","～けど","～, но (неформ.)"
"","",""
"","",""
"Lesson 21:","",""
"思います","おもいます","думать, считать"
"言います","いいます","говорить, сказать"
"足ります","たります","хватать, быть достаточным"
"勝ちます","かちます","побеждать, выигрывать"
"負けます","まけます","проигрывать"
"役に立ちます","やくにたちます","быть полезным, пригодиться"
"むだ「な」","むだ「な」","бесполезный, напрасный"
"不便「な」","ふべん「な」","неудобный"
"同じ","おなじ","одинаковый, тот же"
"すごい","すごい","потрясающий; ужасный"
"首相","しゅしょう","премьер-министр"
"大統領","だいとりょう","президент"
"政治","せいじ","политика"
"試合","しあい","матч, игра"
"意見","いけん","мнение"
"「お」話","「お」はなし","речь, рассказ"
"交通","こうつう","транспорт, движение"
"最近","さいきん","недавно, в последнее время"
"だぶん","だぶん","вероятно, возможно"
"きっと","きっと","наверняка"
"ほんとうに","ほんとうに","действительно, по-настоящему"
"そんあに","そんなに","не так уж (с отрицанием)"
"国","くに","страна, государство"
"","",""
"","",""
"Lesson 22:","",""
"着ます","きます","надевать (рубашку и т.п.)"
"はきます","はきます","надевать (обувь, брюки)"
"かぶります","かぶります","надевать (головной убор)"
"かけます","かけます","надевать (очки)"
"生まれます","うまれます","рождаться"
"帽子","ぼうし","шляпа, шапка"
"眼鏡","めがね","очки"
"よく","よく","часто"
"おめでとうございます","おめでとうございます","поздравляю"
"家賃","やちん","квартплата"
"和室","わしつ","комната в японском стиле"
"押し入れ","おしいれ","стенной шкаф (японский)"
"布団","ふとん","футон (японский матрас и одеяло)"
"上着","うわぎ","пиджак, куртка"
"手袋","てふくろ","перчатки"
"","",""
"","",""
"Lesson 23:","",""
"聞きます","ききます","спрашивать"
"回します","まわします","крутить, поворачивать"
"引きます","ひきます","тянуть, тащить"
"変えます","かえます","менять, изменять"
"触ります","さわります","трогать, касаться"
"出ます","でます","выходить, появляться"
"動きます","うごきます","двигаться, работать (как часы)"
"歩きます","あるきます","ходить пешком"
"渡ります","わたります","переходить (мост)"
"気をつけます","きをつけます","быть внимательным, осторожным"
"引っ越しします","ひっこしします","переезжать"
"電気屋","でんきや","магазин электротоваров; электрик"
"音","おと","звук"
"機械","きかい","машина, механизм"
"つまみ","つまみ","ручка (регулятор)"
"故障","こしょう","поломка"
"道","みち","дорога, путь"
"交差点","こうさてん","перекрёсток"
"信号","しんごう","светофор"
"角","かど","угол"
"橋","はし","мост"
"駐車場","きゅうしゃじょう","автостоянка"
"正月","しょうがつ","Новый год (праздник)"
"ごちそうさま","ごちそうさま","спасибо, было вкусно"
"建物","たてもの","здание"
"外国人登録証","がいこくじんとうろくしょう","удостоверение иностранца"
"歩道","ほどう","тротуар"
"車道","しゃどう","проезжая часть"
"高速道路","こうそくどうろ","скоростная автомагистраль"
"通り","とおり","улица"
"横断歩道","おうだんほどう","пешеходный переход"
"歩道橋","ほどうきょう","пешеходный мост"
"信号","しんごう","светофор"
"坂","さか","склон, спуск"
"踏切","ふみきり","железнодорожный переезд"
"止まれ","とまれ","стоп"
"進入禁止","しんにゅうきんし","въезд запрещён"
"一方通行","いっぽうつうこう","одностороннее движение"
"駐車禁止","ちゅうしゃきんし","стоянка запрещена"
"右折禁止","うせつきんｋし","поворот направо запрещён"
"","",""
"","",""
"Lesson 24:","",""
"くれます","くれます","давать (мне)"
"連れて行きます","つれていきます","отводить, брать с собой (кого-либо)"
"連れて来ます","つれてきます","приводить (кого-либо)"
"送ります","おくります","провожать (кого-либо)"
"紹介します","しょうかいします","представлять, знакомить"
"案内します","あんないします","показывать дорогу, проводить"
"説明します","せつめいします","объяснять"
"いれます","いれます","готовить (кофе)"
"おじいさん<br>おじいちゃん","おじいさん<br>おじいちゃん","дедушка; пожилой мужчина"
"おばあさん<br>おばあちゃん","おばあさん<br>おばあちゃん","бабушка; пожилая женщина"
"準備","じゅんび","подготовка"
"意味","いみ","значение, смысл"
"貸子","かし","сладости, закуски"
"全部","ぜんぶ","всё, целиком"
"自分で","じぶんで","самостоятельно, сам"
"ほかに","ほかに","кроме того, ещё"
"弁当","べんと","бэнто (упакованный обед)"
"お年玉","おとしだま","новогодний денежный подарок"
"入学祝い","にゅがくいわい","подарок на поступление"
"卒魚祝い","そつぎょいわい","подарок на выпуск"
"結婚祝い","けっこんいわい","свадебный подарок"
"出産祝い","しゅっさんいわい","подарок на рождение ребёнка"
"お中元","おちゅげん","летний подарок (знак уважения)"
"お香典","おこうでん","деньги на похороны (соболезнование)"
"お見舞い","おみまい","подарок больному"
"","",""
"","",""
"Lesson 25：","",""
"考えます","かんがえます","думать, обдумывать"
"着きます","つきます","прибывать"
"留学します","りゅうがくします","учиться за границей"
"取ります","とります","стареть (с возрастом)"
"田舎","いなか","деревня, родные места"
"大使館","たいしかん","посольство"
"億","おく","сто миллионов"
"もし「～たら」","もし「～たら」","если ~"
"いくら「～ても」","いくら「～でも」","сколько бы ни ~, даже если ~"
"転勤","てんきん","перевод (на другое место работы)"
"赤ちゃん","あかちゃん","младенец"
"生まれます","うまれます","рождаться"
"保育園","ほいくえん","ясли"
"幼稚園","ようちえん","детский сад"
"学校に入ります","学校に入ります","поступать в школу"
"大学院","だいがくいん","аспирантура (магистратура)"
"学校を出ます","がっこうをでます","оканчивать школу"
"就職します","しゅうしょくします","устраиваться на работу"
"子どもが生まれます","こどもがうまれます","рождается ребёнок"
"離婚します","りこんします","разводиться"
"再婚します","さいこんします","снова жениться, повторно вступать в брак"
"し事をやめます","しごとをやめます","увольняться с работы"
"死にます","しにます","умирать"
"","",""
"","",""
"Lesson 26:","",""
"見ます","みます","проверять, смотреть"
"探します、捜します","さがします","искать"
"遅れます","おくれます","опаздывать"
"間に合います","まにあいます","успевать (вовремя)"
"やります","やります","делать"
"参加します","さんかします","участвовать"
"申し込みます","もしこみます","подавать заявку, записываться"
"都合がいい","つごうがいい","удобно (по времени)"
"都合が悪い","つごうがわるい","неудобно (по времени)"
"気分がいい","きぶんがいい","хорошо себя чувствовать"
"気分が悪い","きぶんがわるい","плохо себя чувствовать"
"新聞社","しんぶんしゃ","газетное издательство"
"柔道","じゅうどう","джудо"
"運動会","うんどうかい","спортивный праздник (соревнования)"
"場所","ばしょ","место"
"～弁","～べん","～диалект"
"今度","こんど","в следующий раз"
"ずいぶん","ずいぶん","весьма, довольно"
"直接","ちょくせつ","напрямую"
"いつでも","いつでも","в любое время"
"どこでも","どこでも","где угодно"
"だれでも","だれでも","кто угодно"
"何でも","なんでも","что угодно"
"片つかます","かたつきます","быть убранным, приведённым в порядок"
"ごみ","ごみ","мусор"
"燃えます","もえます","гореть (о мусоре)"
"置き場","おきば","место складирования"
"横","よこ","бок, сторона"
"瓶","びん","бутылка"
"缶","かん","банка (для напитков)"
"「お」湯","「お」ゆ","горячая вода"
"連絡します","れんらくします","связываться"
"困ったなあ。","こまっなあ。","вот беда; что же делать?"
"宇宙","うちゅう","космос, Вселенная"
"怖い","こわい","страшный, пугающий"
"宇宙船","うちゅうせん","космический корабль"
"別の","べつの","другой, иной"
"宇宙飛行士","うちゅうひこうし","космонавт"
"紙くず","かみくず","бумажный мусор"
"生ごみ","なまごみ","пищевые отходы"
"","",""
"","",""
"Lesson 27:","",""
"飼います","かいます","держать (питомца), разводить (животное)"
"建てます","たてます","строить"
"走ります","はしります","бежать; ехать (по дороге)"
"見えます","みえます","быть видимым (видно)"
"聞こえます","きこえます","быть слышимым (слышно)"
"できます","できます","создаваться, появляться, быть готовым"
"開きます","ひらきます","открывать, проводить (занятие)"
"鳥","とり","птица"
"声","こえ","голос"
"波","なみ","волна"
"花火","はなび","фейерверк"
"景色","けしき","пейзаж, вид"
"昼間","ひるま","дневное время"
"昔","むかし","старые времена, древность"
"道具","どうぐ","инструмент, приспособление"
"自動販売機","じどうはんばいき","торговый автомат"
"通信販売","つうしんはんばい","торговля по почте (заказ по каталогу)"
"台所","だいどころ","кухня"
"ほかの","ほかの","другой, прочий"
"ほっきり","ほっきり","ясно, отчётливо"
"ほとんど","ほとんど","почти всё; почти не (с отрицанием)"
"夢","ゆめ","мечта, сон"
"いつか","いつか","когда-нибудь"
"家","いえ","дом"
"すばらしい","すばらしい","замечательный, чудесный"
"漫画","まんが","манга, комикс"
"主人公","しゅじんこう","главный герой, героиня"
"形","かたち","форма"
"不思議「な」","ふしぎ「な」","удивительный, загадочный"
"例えば","たとえば","например"
"付けます","つけます","прикреплять, добавлять"
"自由に","じゆに","свободно"
"空","そら","небо"
"飛びます","とびます","летать"
"自分","じぶん","сам, себя"
"将来","しょうらい","будущее"
"現像","げんぞう","проявка (фотоплёнки)"
"焼き増し","やきまし","дополнительная печать (фото)"
"引き伸ばし","ひきのばし","увеличение (фотографии)"
"水洗い","みずあらい","стирка водой"
"染みめき","しみめき","выведение пятен"
"防水加工","ぼうすいかこう","водоотталкивающая обработка"
"縮む","ちぢむ","садиться (об одежде)"
"伸びる","のびる","растягиваться (об одежде)"
"宅配便の受付","たくはいびんおうけつけ","приём службы доставки"
"写真現像","しゃしんげんぞう","проявка фотографий"
"公共料金振込み","こうきょうりょうきんふりこえ","оплата коммунальных услуг"
"はがき、切手の販売","はがき、きってのはんばい","продажа открыток и марок"
"","",""
"","",""
"Lesson 28:","",""
"踊ります","おどります","танцевать"
"かみます","かみます","жевать, кусать"
"選びます","えらびます","выбирать"
"違います","ちがいます","отличаться"
"通います","かよいます","регулярно ездить (в университет)"
"まじめ「な」","まじめ「な」","серьёзный"
"熱心「な」","ねっしん「な」","усердный, увлечённый"
"優しい","やさしい","мягкий, добрый"
"偉い","えらい","выдающийся, достойный уважения"
"ちょうどいい","ちょうどいい","как раз, в самый раз"
"習慣","しゅうかん","обычай, привычка"
"経験","けいけん","опыт"
"力","ちから","сила"
"人気","にんき","популярность"
"形","かたち","форма"
"色","いろ","цвет"
"味","あじ","вкус"
"品物","しなもの","товар"
"値段","ねだん","цена"
"給料","きゅうりょう","зарплата"
"番組","ばんぐみ","передача (программа)"
"小説","しょうせつ","роман (книга)"
"小説家","しょうせつか","писатель-романист"
"歌手","かしゅ","певец"
"管理人","管理人","управляющий, смотритель"
"息子","むすこ","(мой) сын"
"息子さん","むすこさん","(чей-то) сын"
"娘","むすめ","(моя) дочь"
"娘さん","むすめさん","(чья-то) дочь"
"自分","じぶん","сам, себя"
"将来","しょうらい","будущее"
"しばらく","しばらく","некоторое время"
"たいてい","たいてい","обычно, как правило"
"それに","それに","к тому же"
"それで","それで","поэтому, и вот"
"会話","かいわ","разговор, беседа"
"お知らせ","おしらせ","объявление, уведомление"
"日にち","ひにち","дата, число"
"体育館","たいいくかん","спортзал"
"無料","むりょう","бесплатно"
"中央線","ちゅうおうせん","линия Чуо (железнодорожная)"
"西荻窪駅","にしおぎくぼえき","станция Нишиогикубо (ближайшая)"
"家賃","やちん","квартплата"
"敷金","しききん","залог (за аренду)"
"礼金","れいきん","отступные (вознаграждение хозяину)"
"管理費","かんりひ","плата за содержание"
"","",""
"","",""
"Lesson 29:","",""
"開きます","あきます","открываться (о двери)"
"閉まります","しまります","закрываться (о двери)"
"つきます","つきます","загораться (о свете)"
"消えます","きえます","гаснуть, исчезать"
"込みます","こみます","быть переполненным (о дороге)"
"すきます","すきます","пустеть (о дороге)"
"壊れます","こわれます","ломаться (о стуле)"
"割れます","われます","разбиваться (о стекле)"
"折れます","おれます","ломаться, переламываться (о ветке)"
"破れます","やぶれます","рваться (о бумаге)"
"汚れます","よごれます","пачкаться (об одежде)"
"付きます","つきます","быть прикреплённым (о кармане)"
"外れます","はずれます","отстёгиваться (о пуговице)"
"止まります","とまります","останавливаться (о лифте)"
"まちがえます","まちがえます","ошибаться"
"落とします","おとします","ронять, терять"
"掛かります","かかります","быть запертым"
"「お」皿","「お」さら","тарелка, блюдо"
"「お」ちゃわん","「お」ちゃわん","пиала для риса"
"袋","ふくろ","пакет, мешок"
"財布","さいふ","кошелёк"
"枝","えだ","ветка"
"この辺","このへん","здесь поблизости, в этом районе"
"～辺","～へん","место около ~"
"ころくらい","このくらい","примерно такого размера"
"お先にどうぞ。","おさきにどうぞ。","проходите вперёд, пожалуйста"
"よかった。","よかった。","как хорошо! слава богу!"
"確か","たしか","если не ошибаюсь, кажется"
"網棚","あみだな","багажная полка"
"地震","じしん","землетрясение"
"壁","かべ","стена"
"指します","さします","указывать"
"針","はり","стрелки (часов)"
"倒れます","たおれます","падать, опрокидываться"
"方","ほう","сторона, направление"
"太っている","ふっている","полный, толстый"
"やせている","やせている","худой"
"膨らんでいる","ふくらんでいる","вздутый, выпуклый"
"穴が開いている","あながあいている","с дыркой (дырявый)"
"曲がっている","まがっている","изогнутый, кривой"
"ゆがんでいる","ゆがんでいる","перекошенный"
"へこんでいる","へこんでいる","вмятый"
"ねじれている","ねじれている","перекрученный"
"欠けている","かけている","отколотый, со сколом"
"ひびが入っている","ひびがはいっている","треснутый"
"腐っている","くさっている","гнилой, испорченный"
"乾いている","かわいている","сухой"
"ぬれている","ぬれている","мокрый"
"凍っている","こおっている","замёрзший"
"","",""
"","",""
"Lesson 30:","",""
"はります","はります","вешать, клеить, наклеивать"
"掛けます","かけます","вешать"
"飾ります","かざります","украшать, выставлять"
"並べます","ならべます","расставлять, выстраивать в ряд"
"植えます","うえます","сажать (растения)"
"戻します","もどします","возвращать на место"
"まとめます","まとめます","собирать воедино, обобщать"
"片づけます","かたづけます","убирать, приводить в порядок"
"しまいます","しまいます","убирать на место"
"決めます","きめます","решать"
"知らせます","しらせます","сообщать, извещать"
"相談します","そうだんします","советоваться, обсуждать"
"予習します","よしゅうします","готовиться к уроку заранее"
"復習します","ふくしゅうします","повторять урок"
"そのままにします","そのままにします","оставлять как есть"
"お子さん","おこさん","(чей-то) ребёнок"
"授業","じゅぎょう","урок, занятие"
"講義","こうぎ","лекция"
"予定","よてい","план, расписание"
"お知らせ","おしらせ","объявление, уведомление"
"案内書","あんないしょ","путеводитель, справочник"
"ごみ箱","ごみばこ","мусорное ведро"
"人形","にんぎょう","кукла"
"花瓶","かびん","ваза"
"鏡","かがみ","зеркало"
"引き出し","ひきだし","выдвижной ящик"
"玄関","げんかん","прихожая, вход"
"廊下","ろうか","коридор"
"壁","かべ","стена"
"池","いけ","пруд"
"交番","こうばん","полицейская будка"
"元の所","もとのところ","исходное место"
"周り","まわり","вокруг, окрестность"
"真ん中","まんなか","центр, середина"
"隅","すみ","угол (внутренний)"
"まだ","まだ","всё ещё"
"～ほど","～ほど","около ~, примерно"
"予定表","よていひょう","расписание (таблица)"
"ご苦労様","ごくろうさま","спасибо за труд"
"希望","きぼう","надежда, пожелание"
"丸い","まるい","круглый"
"地球","ちきゅう","Земля (планета)"
"うれしい","うれしい","радостный"
"嫌「な」","いや「な」","неприятный, противный"
"目が覚めます","めがさめます","просыпаться"
"位置","いち","положение, место"
"上から二段目","うえからにだんめ","второй ряд сверху"
"～の横","～のよこ","сбоку от ~, рядом с ~"
"奥","おく","в глубине, дальняя часть"
"手前","てまえ","ближняя сторона, передний план"
"前から二列目","まえからにれつめ","второй ряд спереди"
"机の周り","つくえのまわり","вокруг стола"
"斜め前","ななめまえ","впереди наискосок"
"斜め後ろ","ななめうしろ","позади наискосок"
"～のそば","～のそば","рядом с ~, около ~"
"二行目","にぎょうめ","вторая строка"
"","",""
"","",""
"Lesson 31:","",""
"始まります","はじまります","начинаться (о церемонии)"
"続けます","つづけます","продолжать"
"見つけます","みつけます","находить"
"受けます","うけます","сдавать (экзамен)"
"入学します","にゅうがくします","поступать (в университет)"
"卒業します","そつぎょうします","оканчивать (университет)"
"出席します","しゅっせきします","присутствовать (на собрании)"
"休憩します","きゅうけいします","делать перерыв, отдыхать"
"連休","れんきゅう","череда выходных подряд"
"作文","さくぶん","сочинение"
"展覧会","てんらんかい","выставка"
"結婚式","けっこんしき","свадебная церемония"
"「お」葬式","「お」そうしき","похороны"
"式","しき","церемония"
"本社","ほんしゃ","головной офис"
"支店","してん","филиал"
"温泉","おんせん","горячий источник"
"お客","おきゃく","гость, посетитель, клиент"
"だれか","だれか","кто-то"
"ずっと","ずっと","всё время, постоянно"
"残ります","のこります","оставаться"
"月に","つきに","в месяц"
"普通の","ふつうの","обычный, обыкновенный"
"嫌「な」","いや「な」","неприятный, противный"
"空","そら","небо"
"閉じます","とじます","закрывать"
"自由に","じゆうに","свободно"
"世界中","せかいじゅう","по всему миру"
"美しい","うつくしい","красивый, прекрасный"
"自然","しぜん","природа"
"すばらしさ","すばらしさ","прелесть, великолепие"
"薬学","やくがく","фармацевтика"
"生化学","せいかがく","биохимия"
"生物学","せいぶつがく","биология"
"農学","のうがく","агрономия"
"土木工学","どうぼくこうがく","строительная инженерия"
"電子工学","でんしこうがく","электроника"
"電気工学","でんきこうがく","электротехника"
"遺伝子工学","いでんしこうがく","генная инженерия"
"建築学","けんちくがく","архитектура"
"環境科学","かんきょうかがく","наука об окружающей среде"
"国際関係学","こくさいかんけいがく","международные отношения"
"法律学","ほうりつがく","юриспруденция"
"経営学","けいえいがく","менеджмент (управление бизнесом)"
"社会学","しゃかいがく","социология"
"言語学","げんごがく","лингвистика"
"心理学","しんりがく","психология"
"哲学","てつがく","философия"
"宗教学","しゅうきょうがく","религиоведение"
"芸術","げいじゅつ","искусство"
"美術","びじゅつ","изобразительное искусство"
"","",""
"","",""
"Lesson 32:","",""
"運動します","うんどうします","заниматься спортом"
"成功します","せいこうします","добиваться успеха"
"失敗します","しっぱいします","провалить (экзамен), потерпеть неудачу"
"合格します","ごうかくします","сдать (экзамен)"
"戻ります","もどります","возвращаться"
"やみます","やみます","прекращаться (о дожде)"
"晴れます","はれます","проясняться"
"曇ります","くもります","становиться пасмурным"
"吹きます","ふきます","дуть (о ветре)"
"治ります","なおります","выздоравливать"
"続きます","つづきます","продолжаться (о жаре)"
"ひきます","ひきます","подхватить (простуду)"
"冷やします","ひやします","охлаждать"
"心配「な」","しんぱい「な」","тревожный, беспокоящий"
"十分「な」","じゅうぶん「な」","достаточный"
"おかしい","おかしい","странный, смешной"
"うるさい","うるさい","шумный"
"やけどをします","やけどをします","обжечься"
"けがをします","けがをします","получить травму"
"せきをします","せきをします","кашлять"
"太陽","たいよう","солнце"
"星","ほし","звезда"
"月","つき","луна"
"風","かぜ","ветер"
"水道","すいどう","водопровод, кран"
"今夜","こんや","сегодня вечером"
"夕方","ゆうがた","ранний вечер, сумерки"
"遅く","おそく","поздно"
"こんなに","こんなに","вот так, настолько"
"そんなに","そんなに","так, настолько"
"もしかしたら","もしかしたら","может быть, возможно"
"それわいけませんね","それわいけあせんね","это плохо, нехорошо"
"胃","い","желудок"
"働きすき","はたらきすき","переработка (слишком много работы)"
"無理をします","むりをします","перенапрягаться, работать сверх сил"
"ゆっくりします","ゆっくりします","отдыхать, не спешить"
"星占い","ほしうらない","гороскоп"
"牡牛座","おうしざ","Телец (знак зодиака)"
"困ります","こまります","быть в затруднении"
"宝くじ","たからくじ","лотерея"
"当たります","あたります","выигрывать (в лотерею)"
"健康","けんこう","здоровье"
"恋愛","れんあい","романтическая любовь"
"恋人","こいびと","возлюбленный, возлюбленная"
"「お」金持ち","「お」かねもち","богач"
"天気予報","てんきよほう","прогноз погоды"
"降水確率","こうすいかりつ","вероятность осадков"
"最高気温","さいこうきおん","максимальная температура"
"最低気温","さいていきおん","минимальная температура"
"曇り","くもり","пасмурно"
"雪","ゆき","снег"
"晴れのち曇り","はれのちくもり","ясно, позже облачно"
"曇り時々雨","くもりときどきあめ","облачно, временами дождь"
"曇り所によって雨","くもりところによってあめ","облачно, местами дождь"
"にわか雨","にわかあめ","кратковременный ливень"
"雷","かみなり","гром"
"台風","たいふう","тайфун"
"虹","にじ","радуга"
"湿度","しつど","влажность"
"蒸し暑い","むしあつい","жарко и душно"
"さわやか「な」","さわやか「な」","свежий, освежающий"
"","",""
"","",""
"Lesson 33:","",""
"逃げます","にげます","убегать, спасаться"
"騒ぎます","さわぎます","шуметь"
"あきらめます","あきらめます","сдаваться, отказываться"
"投げます","なげます","бросать"
"守ります","まもります","соблюдать, защищать"
"上げます","あげます","поднимать"
"下げます","さげます","опускать"
"伝えます","つたえます","передавать (сообщение)"
"注意します","ちゅいします","быть внимательным, предупреждать"
"外します","はずします","отлучаться"
"だめ「な」","だめ「な」","нельзя, негодный"
"席","せき","место (сиденье)"
"洗濯機","せんたくき","стиральная машина"
"～機","～き","～-машина (аппарат)"
"規則","きそく","правило, регламент"
"使用禁止","しようきんし","пользоваться запрещено"
"立入禁止","たちいりきんし","вход воспрещён"
"入口","いりぐち","вход"
"出口","でぐち","выход"
"非常口","ひじょうぐち","запасной выход"
"無料","むりょう","бесплатно"
"本日休強","ほんじつきゅうぎょう","сегодня закрыто (выходной)"
"営業中","えいぎょうちゅう","открыто (идёт работа)"
"使用中","しようちゅう","занято"
"～中","～ちゅう","в процессе ~"
"どういう～","どういう～","какой ~, что за ~"
"駐車違反","ちゅうしゃいはん","нарушение правил парковки"
"そりゃあ","そりゃあ","ну..."
"～以内","～いない","в пределах ~"
"警察","けいさつ","полиция"
"罰金","ばつきん","штраф"
"電報","でんぽう","телеграмма"
"人々","ひとびと","люди"
"急用","きゅうよう","срочное дело"
"打ちます","うちます","отправлять (телеграмму)"
"電報代","でんぽうだい","плата за телеграмму"
"できるだけ","できるだけ","как можно больше"
"短く","みじかく","коротко, кратко"
"例えば","たとえば","например"
"重い病気","おもいびょうき","тяжёлая болезнь"
"明日","あす","завтра"
"留守","るす","отсутствие (дома)"
"留守番","るすばん","присмотр за домом в отсутствие хозяина"
"「お」祝い","「お」いわい","празднование, поздравление"
"亡くなります","なくなります","скончаться"
"悲しみ","かなしみ","горе, печаль"
"準備中","じゅんびちゅう","идёт подготовка"
"化粧室","けしょうしつ","туалет (уборная)"
"禁煙席","きんえんせき","место для некурящих"
"予約席","よやくせき","зарезервированное место"
"火気厳禁","かきげんきん","обращаться с огнём строго запрещено"
"割れ物注意","われものちゅうい","осторожно, хрупкое"
"運転初心者注意","うんてんしょしんしゃちゅうい","осторожно, начинающий водитель"
"工事中","こうじちゅう","идут работы (ремонт)"
"塩素系漂白剤不可","えんそけいひょうはくざいふか","не использовать хлорный отбеливатель"
"手洗い","てあらい","ручная стирка"
"標識","ひょうしき","знаки, указатели"
"","",""
"","",""
"Lesson 34：","",""
"磨きます","みがきます","чистить (зубы), полировать"
"組み立てます","くみたてます","собирать (конструкцию)"
"折ります","おります","сгибать, складывать, ломать"
"つけます","つけます","макать (в соевый соус)"
"見つかります","みつかります","находиться, обнаруживаться"
"します","します","надевать (галстук)"
"細い","ほそい","тонкий (узкий)"
"太い","ふとい","толстый"
"盆踊り","ぼんおどり","танец праздника Бон"
"家具","かぐ","мебель"
"説明書","せつめいしょ","инструкция, руководство"
"線","せん","линия"
"矢印","やじるし","стрелка (указатель)"
"黒","くろ","чёрный"
"白","しろ","белый"
"赤","あか","красный"
"青","あお","синий"
"紺","こん","тёмно-синий"
"黄色","黄色","жёлтый"
"茶色","ちゃいろ","коричневый"
"しょうゆ","しょうゆ","соевый соус"
"～か～","～か～","~или~"
"ゆうべ","ゆうべ","вчера вечером"
"さっき","さっき","недавно, только что"
"茶道","さどう","чайная церемония"
"お茶をたてます","おちゃをたてます","взбивать чай (для церемонии)"
"先に","さきに","сначала, заранее"
"載せます","のせます","класть сверху, помещать"
"苦い","にがい","горький"
"親子どんぶり","おやこどんぶり","оякодон (рис с курицей и яйцом)"
"材料","ざいりょう","ингредиенты, материалы"
"鳥肉","とりにく","курятина"
"たまねぎ","たまねぎ","репчатый лук"
"よんぶんのいち","４ぶんの１","одна четвёртая"
"調味料","ちょうみりょう","приправа"
"なべ","なべ","кастрюля"
"火にかけます","ひにかけます","ставить на огонь"
"煮ます","にます","варить, тушить"
"煮えます","にえます","вариться"
"どんぶり","どんぶり","донбури (керамическая миска)"
"焼きます","やきます","жарить, запекать"
"揚げます","あげます","жарить во фритюре"
"いためます","いためます","обжаривать на сковороде"
"ゆでます","ゆでます","отваривать"
"蒸します","むします","готовить на пару"
"炊きます","たきます","варить рис"
"むきます","むきます","чистить (кожуру)"
"刻みます","きざみます","нарезать, рубить"
"かき混ぜます","かきまぜます","размешивать"
"台所用品","だいどころようひん","кухонная утварь"
"やかん","やかん","чайник"
"ふた","ふた","крышка"
"おたま","おたま","половник"
"まな板","まないた","разделочная доска"
"包丁","ほうちょう","кухонный нож"
"ふきん","ふきん","кухонное полотенце"
"炊飯器","すいはんき","рисоварка"
"しゃもじ","しゃもじ","лопатка для риса"
"缶切り","かんきり","консервный нож"
"ざる","ざる","дуршлаг"
"ガス台","ガスだい","газовая плита"
"流し「台」","ながし「だい」","раковина (мойка)"
"換気扇","かんきせん","вытяжной вентилятор"
"","",""
"","",""
"Lesson 35:","",""
"咲きます","さきます","цвести, распускаться"
"変わります","かわります","меняться (о цвете)"
"困ります","こまります","быть в затруднении"
"付けます","つけます","ставить (отметку), наносить"
"拾います","ひろいます","подбирать"
"かかります","かかります","дозваниваться (о связи)"
"楽「な」","らく「な」","лёгкий, необременительный"
"正しい","ただしい","правильный, верный"
"珍しい","めずらしい","редкий, необычный"
"方","かた","человек (вежливо)"
"向こう","むこう","там, противоположная сторона"
"島","しま","остров"
"村","むら","деревня, село"
"港","みなと","порт, гавань"
"近所","きんじょ","окрестности, соседство"
"屋上","おくじょう","крыша"
"海外","かいがい","заграница"
"山登り","やまのぼり","восхождение в горы"
"機会","きかい","возможность, случай"
"許可","きょか","разрешение"
"丸","まる","круг"
"操作","そうさ","управление, эксплуатация"
"方法","ほうほう","способ, метод"
"設備","せつび","оборудование"
"ひも","ひも","верёвка, шнурок"
"ふた","ふた","крышка"
"葉","は","лист (растения)"
"曲","きょく","музыкальное произведение"
"楽しみ","たのしみ","удовольствие, предвкушение"
"もっと","もっと","больше, ещё"
"初めに","はじめに","сначала, поначалу"
"それなら","それなら","в таком случае"
"夜行バス","やこうバス","ночной автобус"
"旅行者","りょこうしゃ","турист (путешественник)"
"詳しい","くわしい","подробный"
"スキー場","スキーじょう","горнолыжный курорт"
"朱","しゅ","алый, киноварь"
"交わります","まじわります","общаться, водить знакомство"
"ことわざ","ことわざ","пословица"
"仲よくします","なかよくします","быть в хороших отношениях"
"必要「な」","ひつよう「な」","необходимый"
"","",""
"","",""
"Lesson 36:","",""
"届きます（荷物が）","とどきます（にもつが）","доставляться (о посылках)"
"出ます（試合に）","でます（しあいに）","участвовать (в матче)"
"打ちます（ワープロを）","うちます（ワープロを）","печатать (на текстовом редакторе)"
"貯金します","ちょきんします","копить деньги"
"太ります","ふとります","толстеть, полнеть"
"やせます","やせます","худеть"
"過ぎます（７時を）","すぎます（ななじを）","проходить (о времени)"
"慣れます（習慣に）","なれます（しゅかんに）","привыкать (к обычаям)"
"硬い","かたい","твёрдый, жёсткий"
"軟らかい","やわらかい","мягкий"
"電子～","でんし～","электронный ~"
"携帯～","けいたい～","портативный ~"
"工場","こうじょう","завод, фабрика"
"健康","けんこう","здоровье"
"剣道","けんどう","кэндо (японское фехтование)"
"毎週","まいしゅう","каждую неделю"
"毎月","まいつき","каждый месяц"
"毎年","まいとし、まいねん","каждый год"
"やっと","やっと","наконец-то"
"かなり","かなり","довольно, изрядно"
"必ず","かならず","непременно, обязательно"
"絶対に","ぜったいに","абсолютно (с отрицанием — ни за что)"
"上手に","じょうずに","умело, хорошо"
"できるだけ","できるだけ","как можно больше"
"このごろ","このごろ","в эти дни, нынче"
"～ずつ","～ずつ","по ~ (каждому)"
"そのほうが～","そのほうが～","так более ~"
"お客様","おきゃくさま","гость, клиент (вежливо)"
"特別","とくべつ","особый, специальный"
"していらっしゃいます","していらっしゃいます","делать (почтительная форма しています)"
"水泳","すいえい","плавание"
"～とか、～とか","～とか、～とか","~, ~ и тому подобное"
"気持ち","きもち","чувство, настрой"
"乗り物","のりもの","транспортное средство"
"～世紀","～せいき","~-й век"
"遠く","とおく","далеко, далёкое место"
"汽車","きしゃ","паровоз (поезд)"
"汽船","きせん","пароход"
"大勢の～","おおぜいの～","множество (людей)"
"運びます","はこびます","переносить, перевозить"
"飛びます","とびます","летать"
"安全「な」","あんぜん「な」","безопасный"
"宇宙","うちゅう","космос, Вселенная"
"地球","ちきゅう","Земля (планета)"
"規則正しい生活をする","きそくただしいせいかつをする","вести размеренный образ жизни"
"早寝、早起きをする","はやね、はやおきをする","рано ложиться и рано вставать"
"運動する","うんどうする","заниматься спортом"
"よく歩く","よくあるく","много ходить пешком"
"好き嫌いがない","すききらいがない","не быть привередливым в еде"
"栄養のバランスを考えて食べる","えいようのバランスをかんがえてたべる","питаться сбалансированно"
"健康診断を受ける","けんこうしんだんをうける","проходить медосмотр"
"夜更かしをする","よふかしをする","засиживаться допоздна"
"あまり運動しない","あまりうんどうしない","мало двигаться"
"好き嫌いがある","すききらいがある","быть привередливым в еде"
"よくインスウタント食品を食べる","よくインスウタントしょくひんをたべる","часто есть полуфабрикаты"
"外食が多い","がいしょくがおおい","часто питаться вне дома"
"たばこを吸う","たばこをすう","курить"
"よくお酒を飲む","よくおさけをのむ","много пить (алкоголя)"
"炭水化物","たんすいかぶつ","углеводы"
"いも","いも","картофель (клубнеплоды)"
"脂肪","しぼう","жир"
"海草","かいそう","морские водоросли"
"たんばく質","たんばくしつ","белок"
"豆","まめ","бобы"
"","",""
"","",""
"Lesson 37:","",""
"褒めます","ほめます","хвалить"
"しかります","しかります","ругать, отчитывать"
"誘います","さそいます","приглашать, звать (присоединиться)"
"起こします","おこします","будить (кого-либо)"
"招待します","しょうたいします","приглашать (официально)"
"頼みます","たのみます","просить, заказывать"
"注意します","ちゅういします","предупреждать, делать замечание"
"とります","とります","отнимать, красть"
"踏みます","ふみます","наступать (на ногу)"
"壊します","こわします","ломать, разрушать"
"汚します","よごします","пачкать, загрязнять"
"行います","おこないます","проводить, осуществлять"
"輸出します","ゆしゅつします","экспортировать"
"ゆにゅうします","ゆにゅうします","импортировать"
"翻訳します","ほんやくします","переводить (письменно)"
"発明します","はつめいします","изобретать"
"発見します","はっけんします","открывать, обнаруживать"
"設計します","せっけいします","проектировать"
"米","こめ","рис"
"麦","むぎ","пшеница, ячмень"
"石油","せきゆ","нефть"
"原料","げんりょう","сырьё"
"泥棒","どろぼう","вор, грабитель"
"警官","けいかん","полицейский"
"建築家","けんちくか","архитектор"
"科学者","かがくしゃ","учёный"
"漫画","まんが","манга, комикс"
"世界中","せかいじゅう","по всему миру"
"～中","～じゅう","по всему ~"
"～によって","～によって","посредством ~, кем-либо"
"よかったですね。","よかったですね。","как хорошо, не правда ли?"
"埋め立てます","うめたてます","отвоёвывать землю у моря (засыпать)"
"技術","ぎじゅつ","технология"
"土地","とち","земля, участок"
"騒音","そうおん","шум"
"豪華「な」","ごうか「な」","роскошный"
"彫刻","ちょうこく","скульптура, резьба"
"眠ります","ねむります","спать"
"彫ります","ほります","вырезать, гравировать"
"仲間","なかま","товарищ, компаньон"
"そのあと","そのあと","после этого"
"一生懸命","いっしょうけんめい","изо всех сил"
"ねずみ","ねずみ","мышь"
"殺します","ころします","убивать"
"撃ちます","うちます","стрелять (из оружия)"
"刺します","さします","наносить удар (ножом)"
"かみます","かみます","кусать"
"ひきます","ひきます","сбивать (машиной)"
"はねります","はねります","сбивать (наезжать машиной)"
"衝突します","しょうとつします","сталкиваться (о машинах)"
"追突します","ついとつします","врезаться в зад машины"
"盗みます","ぬすみます","красть"
"誘拐します","ゆうかいします","похищать (человека)"
"墜落します","ついらくします","разбиваться (о самолёте)"
"爆発します","ばくはつします","взрываться"
"助けります","たすけります","спасать"
"沈没します","ちんぼつします","тонуть (о судне)"
"","",""
"","",""
"Lesson 38:","",""
"育てます","そだてます","растить, воспитывать"
"亡くなります","なくなります","скончаться"
"入院します","にゅういんします","ложиться в больницу"
"退院します","たいいんします","выписываться из больницы"
"入れます「電源を～」","いれます「でんげんを」","включать (питание)"
"切ります「電源を～」","きります「でんげんを」","выключать (питание)"
"掛けます「かぎを」","かけます「かぎを」","запирать (на ключ)"
"気持ちがいい","きもちがいい","приятный, комфортный"
"気持ちが悪い","きもちがわるいい","неприятный, отвратительный"
"大きな～","おおきな～","большой ~"
"小さな～","ちいさな～","маленький ~"
"赤ちゃん","あかちゃん","младенец"
"海岸","かいがん","морское побережье"
"うそ","うそ","ложь, неправда"
"書類","しょるい","документы, бумаги"
"電源","でんげん","выключатель питания"
"～製","～せい","произведено в ~"
"「あ、」いけない。","「あ、」いけない","ой, нельзя! о нет!"
"お先に「失礼します」","おさきに「しつれいします」","извините, что ухожу раньше вас"
"回覧","かいらん","циркуляр (для ознакомления по кругу)"
"研究室","けんきゅうしつ","кабинет, лаборатория"
"きちんと","きちんと","аккуратно, как следует"
"整理します","せいりします","приводить в порядок"
"～という本","～というほん","книга под названием ~"
"～冊","～さつ","счётчик книг"
"はんこ","はんこ","личная печать (ханко)"
"押します「はんこを～」","おします「はんこを～」","ставить (печать)"
"双子","ふたご","близнецы"
"姉妹","しまい","сёстры"
"五年生","ごねんせい","пятиклассник (пятый год обучения)"
"似ています","にています","быть похожим"
"性格","せいかく","характер"
"おとなしい","おとなしい","спокойный, тихий"
"世話をします","せわをします","заботиться, ухаживать"
"時間がたちます","じかんがたちます","время проходит"
"大好き「な」","だいすき「な」","очень нравиться, обожать"
"～点","～てん","～баллов (очков)"
"はんかします","はんかします","ссориться"
"不思議「な」","ふしぎ「な」","загадочный, странный"
"お正月","おしょうがつ","Новый год (праздник)"
"ひな祭り","ひなまつり","праздник кукол (Хинамацури)"
"お月見","おつきみ","праздник любования луной"
"","",""
"","",""
"Lesson 39:","",""
"答えます","こたえます","отвечать (на вопрос)"
"倒れます","たおれます","рушиться (о здании)"
"焼けます","やけます","сгорать (о здании); печься"
"通ります","とおります","проходить (по улице)"
"死にます","しにます","умирать"
"びっくりします","びっくりします","удивляться, пугаться"
"がっかりします","がっかりします","разочаровываться"
"安心します","あんしんします","успокаиваться"
"遅刻します","ちこくします","опаздывать"
"早退します","そうたいします","уходить раньше (с работы, учёбы)"
"けんかします","けんかします","ссориться, драться"
"離婚します","りこんします","разводиться"
"複雑「な」","ふくざつ「な」","сложный, запутанный"
"邪魔「な」","じゃま「な」","мешающий, помеха"
"汚い","きたない","грязный"
"うれしい","うれしい","радостный"
"悲しい","かなしい","грустный"
"恥ずかしい","はずかしい","стыдно, неловко"
"地震","じしん","землетрясение"
"台風","たいふう","тайфун"
"火事","かじ","пожар"
"事故","じこ","авария, несчастный случай"
"「お」見合い","「お」みあい","смотрины (встреча перед браком)"
"電話代","でんわだい","плата за телефон"
"～代","～だい","плата, тариф (за ~)"
"～号室","～ごうしつ","комната номер ~"
"汗","あせ","пот"
"せっけん","せっけん","мыло"
"大勢","おおぜい","множество людей"
"お疲れ様でした","おつかれさまでした","спасибо за труд"
"伺います","うかがいます","прихожу, навещаю (вежливо)"
"途中で","とちゅうで","по пути, в середине процесса"
"ぶつかります","ぶつかります","сталкиваться, налетать"
"並びます","ならびます","выстраиваться в очередь"
"大人","おとな","взрослый"
"洋服","ようふく","одежда западного стиля"
"西洋化します","せいようかします","перенимать западный уклад"
"合います","あいます","подходить, быть впору"
"今では","いまでは","теперь, в наше время"
"成人式","せいじんしき","церемония совершеннолетия"
"悲しい","かなしい","грустный"
"うらやましい","うらやましい","завидно"
"懐かしい","なつかしい","ностальгический, родной"
"うっとりします","うっとりします","восхищаться, быть зачарованным"
"いらいらします","いらいらします","раздражаться, нервничать"
"どきどきします","どきどきします","волноваться (сердце колотится)"
"はらはらします","はらはらします","тревожиться, переживать"
"わくわくします","わくわくします","радостно волноваться, предвкушать"
"","",""
"","",""
"Lesson 40:","",""
"数えます","かぞえます","считать, пересчитывать"
"測ります","はかります","измерять, взвешивать"
"確かめます","たしかめます","проверять, убеждаться"
"出発します","しゅっぱつします","отправляться"
"到着します","とうちゃくします","прибывать"
"酔います","よいます","пьянеть"
"危険「な」","きけん「な」","опасный"
"必要「な」","ひつよう「な」","необходимый"
"宇宙","うちゅう","космос, Вселенная"
"地球","ちきゅう","Земля (планета)"
"忘年会","ぼうねんかい","вечеринка в конце года (бонэнкай)"
"新年会","しんねんかい","новогодняя вечеринка"
"二次会","にじかい","продолжение вечеринки (второе место)"
"大会","たいかい","массовое собрание, турнир"
"表","おもて","лицевая сторона"
"裏","うら","обратная сторона"
"返事","へんじ","ответ"
"申し込み","申し込み","заявка"
"本当","ほんとう","правда, истина"
"間違い","まちがい","ошибка"
"傷","きず","дефект, рана, царапина"
"長さ","ながさ","длина"
"重さ","おもさ","вес"
"高さ","たかさ","высота"
"大きさ","おおきさ","размер"
"～便","～びん","рейс (номер рейса)"
"～号","～ごう","номер (поезда, тайфуна)"
"～個","～こ","счётчик мелких предметов"
"～本","～ほん、～ぽん、～ぼん","счётчик длинных предметов"
"～杯","～はい、～ぱい、～ばい","счётчик стаканов и чашек"
"～以上","～いじょう","не менее ~, свыше ~"
"～以下","～いか","не более ~, меньше ~"
"さあ","さあ","ну... дайте подумать"
"どうでしょうか","どうでしょうか","как насчёт ~? (вежливо)"
"成績","せいせき","успеваемость, результат"
"とことで","ところで","кстати"
"様子","ようす","вид, состояние, обстановка"
"事件","じけん","происшествие, дело"
"爆弾","ばくだん","бомба"
"積みます","つみます","грузить, нагромождать"
"運転手","うんてんしゅ","водитель"
"離れた","はなれた","удалённый"
"急に","きゅうに","внезапно"
"動かします","うごかします","приводить в движение, управлять"
"一生懸命","いっしょうけんめい","изо всех сил"
"犯人","はんにん","преступник, подозреваемый"
"手に入れます","てにいれます","доставать, получать"
"今でも","いまでも","даже сейчас"
"うわさします","うわさします","сплетничать"
"単位","たんい","единица измерения; зачётный балл"
"線","せん","линия"
"模様","もよう","узор, рисунок"
"面積","めんせき","площадь"
"体積","たいせき","объём"
"容積","ようせき","вместимость, объём"
"計算","けいさん","вычисление, расчёт"
"たす","たす","плюс (прибавлять)"
"ひく","ひく","минус (вычитать)"
"かける","かける","умножать"
"わる","わる","делить"
"は","は","равно"
"直線","ちょくせん","прямая линия"
"曲線","きょくせん","кривая линия"
"点線","てんせん","пунктирная линия"
"円（丸）","えん（まる）","круг (окружность)"
"三角（形）","さんかく（けい）","треугольник"
"四角（形）","しかく（けい）","квадрат"
"縦じま","たてじま","вертикальные полоски"
"横じま","よこじま","горизонтальные полоски"
"水玉","みずたま","горошек (узор)"
"花柄","はながら","цветочный узор"
"無地","むじ","однотонный (без рисунка)"
"","",""
"","",""
"Lesson 41:","",""
"いただきます","いただきます","получать (скромная форма もらいます)"
"くださいます","くださいます","давать (почтительная форма くれます)"
"やります","やります","давать (младшему или подчинённому)"
"呼びます","よびます","приглашать"
"取り替えます","とりかえます","менять, заменять"
"親切にします","しんせつにします","проявлять доброту"
"かわいい","かわいい","милый, симпатичный"
"お祝い","おいわい","поздравление, подарок"
"お年玉","おとしだま","новогодний денежный подарок"
"「お」見舞い","「お」みまい","подарок больному (знак сочувствия)"
"興味","きょうみ","интерес"
"情報","じょうほう","информация"
"文法","ぶんぽう","грамматика"
"発音","はつおん","произношение"
"猿","さる","обезьяна"
"えさ","えさ","корм, наживка"
"玩具","おもちゃ","игрушка"
"絵本","えほん","книжка с картинками"
"絵はがき","えはがき","открытка с картинкой"
"靴下","くつした","носки, чулки"
"手袋","てぶくろ","перчатки"
"指輪","ゆびわ","кольцо"
"祖父","そふ","(мой) дедушка"
"祖母","そぼ","(моя) бабушка"
"孫","まご","внук, внучка"
"伯父、叔父","おじ","(мой) дядя (старший или младший)"
"おじさん","おじさん","(чей-то) дядя"
"伯母，叔母","おば","(моя) тётя (старшая или младшая)"
"おばさん","おばさん","(чья-то) тётя"
"おととし","おととし","позапрошлый год"
"はあ","はあ","да, понятно"
"申し訳ありません","もうしわけありません","прошу прощения, извините"
"預かります","あずかります","брать на хранение"
"先日","せんじつ","на днях"
"助かります","たずかります","выручать, быть подспорьем"
"昔話","むかしばなし","старинное предание, сказка"
"ある～","ある～","некий ~, один ~"
"いじめます","いじめます","обижать, издеваться"
"亀","かめ","черепаха"
"助けます","たずけます","спасать, помогать"
"「お」城","「お」しろ","замок (крепость)"
"お姫様","おひめさま","принцесса"
"楽しく","たのしく","весело, радостно"
"暮らします","くらします","жить, вести жизнь"
"陸","りく","суша, берег"
"すると","すると","и тогда, после чего"
"煙","けむり","дым"
"真っ白「な」","まっしろ「な」","белоснежный"
"中身","なかみ","содержимое"
"","",""
"","",""
"Lesson 42:","",""
"包みます","つつみます","заворачивать, упаковывать"
"沸かします","わかします","кипятить"
"混ぜます","まぜます","смешивать"
"計算します","けいさんします","вычислять"
"厚い","あつい","толстый"
"薄い","うすい","тонкий"
"弁護士","べんごし","адвокат"
"音楽家","おんがくか","музыкант"
"子供たち","こどもたち","дети"
"教育","きょういく","образование"
"歴史","れきし","история"
"文化","ぶんか","культура"
"社会","しゃかい","общество"
"法律","ほうりつ","закон, право"
"戦争","せんそう","война"
"平和","へいわ","мир, согласие"
"目的","もくてき","цель, намерение"
"安全","あんぜん","безопасность"
"論文","ろんぶん","диссертация, научная статья"
"関係","かんけい","связь, отношение"
"薬缶","やかん","чайник"
"栓抜き","せんぬき","открывалка для бутылок"
"缶切","かんきり","консервный нож"
"缶詰","かんづめ","консервы"
"風呂敷","ふろしき","фуросики (платок для переноски вещей)"
"算盤","そろばん","счёты (абак)"
"体温計","たいおんけい","градусник (термометр)"
"材料","ざいりょう","материал, ингредиент"
"石","いし","камень"
"一生懸命","いっしょうけんめい","изо всех сил"
"なぜ","なぜ","почему"
"国連","こくれん","ООН"
"鍋","なべ","кастрюля"
"丼ぶり","どんぶり","донбури (керамическая миска)"
"食品","しょくひん","продукты питания"
"調査","ちょうさ","исследование, опрос"
"～の代わりに","～のかわりに","вместо ~"
"どこででも","どこででも","в любом месте"
"綴じる","とじる","скреплять, сшивать"
"挟みます","はさみます","зажимать, прищеплять"
"留めります","とめります","прикалывать (булавкой)"
"張ります","はります","клеить, наклеивать"
"糊","のり","клей"
"鉛筆削り","えんぴつけずり","точилка для карандашей"
"消します","けします","стирать (ластиком)"
"切ります","きります","пилить"
"打ちます","うちます","забивать (гвоздь)"
"締めます","しめます","затягивать"
"緩めます","ゆるめます","ослаблять"
"螺子","ねじ","винт, шуруп"
"","",""
"","",""
"Lesson 43","",""
"「輸出が」増えます","「ゆしゅつが」ふえます","расти (об экспорте)"
"「輸出が」減ります","「ゆしゅつが」へります","снижаться (об экспорте)"
"「値段が」上がります","「ねだんが」あがります","расти (о ценах)"
"「値段が」下がります","「ねだんが」さがります","падать (о ценах)"
"「紐が」切れます","「ひもが」きれます","рваться (о верёвке)"
"取れます","とれます","отрываться (о пуговице)"
"「荷物が」落ちます","「にもつが」おちます","падать (о багаже)"
"「ガソリンが」無くなります","「ガソリンが」なくなります","заканчиваться (о бензине)"
"丈夫「な」","じょうぶ「な」","прочный, крепкий"
"変「な」","へん「な」","странный, необычный"
"幸せ「な」","しあわせ「な」","счастливый"
"美味い、甘い","うまい","вкусный"
"不味い","まずい","невкусный"
"詰まらない","つまらない","скучный, неинтересный"
"暖房","だんぼう","отопление"
"冷房","れいぼう","кондиционирование (охлаждение)"
"今にも","いもにも","вот-вот, в любой момент"
"わあ","わあ","ого! ух ты!"
"会員","かいいん","участник, член (организации)"
"適当「な」","てきとう「な」","подходящий, надлежащий"
"年齢","ねんれい","возраст"
"収入","しゅうにゅう","доход"
"ぴったり","ぴったり","точь-в-точь, в самый раз"
"そのうえ","そのうえ","к тому же, более того"
"薔薇","ばら","роза"
"優しい","やさしい","добрый, мягкий"
"大人しい","おとなしい","послушный, тихий"
"厳しい","きびしい","строгий, суровый"
"気が長い","きがながい","терпеливый, неторопливый"
"気が短い","きがみじかい","вспыльчивый"
"気が強い","きがつよい","волевой, с сильным характером"
"気が弱い","きがよわい","робкий, малодушный"
"活発「な」","かっぱつ「な」","активный, живой"
"誠実「な」","せいじつ「な」","искренний, честный"
"我が侭","わがまま","эгоистичный, своевольный"
"真面目「な」","まじめ「な」","серьёзный, добросовестный"
"不真面目「な」","ふまじめ「な」","несерьёзный, легкомысленный"
"頑固「な」","がんこ「な」","упрямый"
"素直「な」","すなお「な」","покладистый, послушный"
"意地悪「な」","いじわる「な」","злой, вредный"
"勝ち気「な」","かちき「な」","азартный, неуступчивый"
"神経質「な」","しんけいしつ「な」","нервный, мнительный"
"","",""
"","",""
"Lesson 44:","",""
"泣きます","なきます","плакать"
"笑います","わらいます","смеяться, улыбаться"
"乾きます","かわきます","высыхать"
"濡れます","ぬれます","промокать"
"滑ります","すべります","скользить, поскальзываться"
"起きます「事故が～」","おきます「じこが～」","происходить (об аварии)"
"調節します","ちょうせつします","регулировать, настраивать"
"安全「な」","あんぜん「な」","безопасный"
"丁寧「な」","ていねい「な」","вежливый, тщательный"
"細かい","こまかい","мелкий, подробный"
"濃い","こい","насыщенный (вкус), тёмный (цвет)"
"薄い","うすい","слабый (вкус), светлый (цвет)"
"空気","くうき","воздух"
"涙","なみだ","слеза"
"和食","わしょく","японская кухня (блюда)"
"洋食","ようしょく","западная кухня (блюда)"
"おかず","おかず","гарнир, закуска к рису"
"量","りょう","количество"
"～倍","～ばい","～раз (кратность)"
"半分","はんぶん","половина"
"たんす","たんす","комод"
"洗濯物","せんたくもの","бельё для стирки"
"理由","りゆう","причина"
"どうなさいますか。","どうなさいますか。","что вам угодно?"
"どういうふうになさいますか","どういうふうになさいますか。","как именно вы хотите?"
"～みたいにしてください。","～みたいにしてください。","сделайте, как ~"
"これでよろしいでしょうか。","これでよろしいでしょうか。","так подойдёт?"
"お疲れ様でした。","おつかれさまでした。","спасибо за терпение"
"嫌がります","いやがります","не любить, противиться"
"また","また","и, к тому же"
"順序","じゅんじょ","порядок, последовательность"
"表現","ひょうげん","выражение (оборот речи)"
"例えば","たとえば","например"
"別れます","わかれます","расставаться"
"これら","これら","эти (вещи)"
"縁起が悪い","えんぎがわるい","дурное предзнаменование, к несчастью"
"美容院","びよういん","салон красоты (парикмахерская)"
"理髪店","りはつてん","мужская парикмахерская"
"剃る「髭、顔を～」","そる「ひげ、かおを～」","брить (усы, лицо)"
"耳が見えるくらいに切ってください","みみがみえるくらいにきってください","подстригите так, чтобы были видны уши"
"肩にかかるくらいにきってください","かたにかかるくらいにきってください","подстригите до плеч"
"眉が隠れるくらいにきってください","眉が隠れるくらいにきってください","подстригите так, чтобы закрывало брови"
"１センチくらいきってください","１センチくらいきってください","подстригите примерно на один сантиметр"
"この写真みたいに切ってください","このしゃしんみたいにきってください","подстригите, как на этой фотографии"
"おかっぱ","おかっぱ","каре (стрижка)"
"三つ編み","みつあみ","косички"
"丸刈り","まるがり","стрижка наголо (очень короткая)"
"長髪","ちょうはつ","длинные волосы"
"","",""
"","",""
"Lesson 45:","",""
"謝ります","あやまります","извиняться"
"会います「事故に」","あいます「じこに」","попадать (в аварию)"
"信じます","しんじます","верить, доверять"
"用意します","よいします","готовить, подготавливать"
"旨くいきます","うまくいきます","идти хорошо, удаваться"
"保証書","ほしょうしょ","гарантийный талон"
"領収書","りょうしゅうしょ","квитанция, чек"
"贈り物","おくりもの","подарок"
"間違い電話","まちがいでんわ","ошибочный звонок (не туда)"
"係り","かかり","ответственный, дежурный"
"中止","ちゅうし","отмена, приостановка"
"点","てん","балл, очко"
"「～円」札","「～えん」さつ","купюра (в ~ иен)"
"ちゃんと","ちゃんと","как следует, должным образом"
"急に","きゅうに","внезапно"
"楽しみにしています","たのしみにしています","с нетерпением ждать"
"以上です。","いじょうです。","это всё"
"係員","かかりいん","дежурный, служитель"
"～位","～い","～-е место (ранг)"
"優勝します","ゆうしょうします","побеждать в чемпионате"
"悩み","なやみ","переживание, тревога"
"目覚まし「時計」","めざまし「どけい」","будильник"
"眠ります","ねむります","спать"
"目が覚めます","めがさめます","просыпаться"
"回答","かいとう","ответ"
"鳴ります","なります","звенеть, звонить"
"それでも","それでも","тем не менее, всё равно"
"非常の場合","ひじょうのばあい","чрезвычайная ситуация"
"","",""
"","",""
"","",""
"Lesson 46","",""
"焼きます","やきます","печь, жарить"
"渡します","わたします","передавать, вручать"
"帰って来ます","かえってきます","возвращаться"
"出ます「バスが」","でます「バスが」","отправляться (об автобусе)"
"留守","るす","отсутствие (дома)"
"宅配便","たくはいびん","служба доставки"
"原因","げんいん","причина"
"注射","ちゅうしゃ","укол, инъекция"
"食欲","しょくよく","аппетит"
"こちら","こちら","у меня, моя сторона"
"ちょうど","ちょうど","как раз, ровно"
"たった今","たったいま","только что"
"今いいでしょうか。","いまいいでしょうか。","можно вас сейчас побеспокоить?"
"具合","ぐあい","состояние, самочувствие"
"どちら様でしょうか。","どちらさまでしょうか。","простите, кто вы?"
"向かいます","むかいます","направляться"
"お待たせしました。","おまたせしました。","извините за ожидание"
"知識","ちしき","знания"
"宝庫","ほうこ","сокровищница"
"手に入ります「情報が～」","てにはいります「じょうほうが～」","поступать (об информации)"
"一部分","いちぶぶん","часть"
"入力します","にゅうりょくします","вводить (данные)"
"秒","びょう","секунда"
"出ます「本が～」","でます「ほんが～」","выходить (о книге)"
"","",""
"","",""
"Lesson 47:","",""
"集まります「人が～」","あつまります「ひとが～」","собираться (о людях)"
"別れます「人が～」","わかれます「ひとが～」","расходиться (о людях)"
"長生きします","ながいきします","жить долго"
"します「音・声が～」","します「おと・こえが～」","слышаться (о звуке, голосе)"
"します「味が～」","します「あじが～」","ощущаться (на вкус)"
"します「においが～」","します「においが～」","пахнуть"
"さします「傘を」","さします「かさを」","раскрывать (зонт)"
"ひどい","ひどい","ужасный, жестокий"
"怖い","こわい","страшный, пугающий"
"天気予報","てんきよほう","прогноз погоды"
"発表","はっぴょう","объявление, презентация"
"実験","じっけん","эксперимент"
"人口","じんこう","население"
"におい","におい","запах"
"科学","かがく","наука"
"医学","いがく","медицина"
"文学","ぶんがく","литература"
"救急車","きゅうきゅうしゃ","скорая помощь (машина)"
"賛成","さんせい","согласие, одобрение"
"反対","たんたい","возражение, несогласие"
"男性","だんせい","мужчина"
"女性","じょせい","женщина"
"どうも","どうも","похоже, что; видимо"
"恋人","こいびと","возлюбленный, возлюбленная"
"婚約します","こんやくします","обручаться"
"相手","あいて","собеседник, партнёр (другая сторона)"
"知り合います","しりあいます","знакомиться"
"平均寿命","へいきんじゅみょう","средняя продолжительность жизни"
"比べます「男性と～」","くらべます「だんせいと～」","сравнивать (с мужчинами)"
"博士","はかせ","доктор наук"
"脳","のう","мозг"
"化粧品","けしょうひん","косметика"
"調べ","しらべ","исследование, данные"
"化粧","けしょう","макияж"
"","",""
"","",""
"Lesson 48:","",""
"下ろします，降ろします","おろします","опускать, ссаживать"
"届けます","とどけます","доставлять, сообщать"
"世話をします","せいわをします","заботиться о ~"
"嫌「な」","いや「な」","нежелающий, неохотный"
"厳しい","きびしい","строгий, тяжёлый"
"塾","じゅく","подготовительные курсы (дзюку)"
"生徒","せいと","ученик"
"者","もの","человек (о родне или подчинённых)"
"入管","にゅうかん","иммиграционная служба"
"再入国ビザ","さいにゅうこくビザ","виза для повторного въезда"
"自由に","じゆうに","свободно"
"～間","～かん","в течение ~ (о промежутке)"
"いいことですね。","いいことですね。","это хорошо"
"お忙しいですか。","おいそがしいですか。","вы заняты?"
"久しぶり","ひさしぶり","давно не виделись"
"営業","えいぎょう","бизнес, продажи"
"それまでに","それまでに","к тому времени"
"かまいません","かまいません","ничего страшного, не важно"
"楽しみです","たのしみです","с нетерпением жду, в радость"
"もともと","もともと","изначально"
"～世紀","～せいき","～-й век"
"代わりをします","かわりをします","быть заменой, замещать"
"競走します","きょうそうします","состязаться в беге"
"芸","げい","трюк, мастерство"
"美しい","うつくしい","красивый, прекрасный"
"姿","すがた","облик, фигура"
"心","こころ","сердце, душа"
"とらえます","とらえます","ловить, схватывать"
"～にとって","～にとって","для ~ (с точки зрения)"
"","",""
"","",""
"Lesson 49:","",""
"勤めます「会社に」","つとめます「かいしゃに」","работать (в компании)"
"休みます","やすみます","ложиться спать"
"掛けます「いすに」","かけます「いすに」","садиться (на стул)"
"過ごします","すごします","проводить (время)"
"寄ります「銀行に」","よります「ぎんこうに」","заходить (в банк)"
"召し上がります","めしあがります","кушать, пить (почтительно)"
"おっしゃいます","おっしゃいます","говорить (почтительно)"
"なさいます","なさいます","делать (почтительно)"
"ご覧にあります","ごらんにあります","смотреть (почтительно)"
"ご存知です","ごぞんじです","знать (почтительно)"
"あいさつ","あいさつ","приветствие, обращение"
"灰皿","はいざら","пепельница"
"旅館","りょかん","рёкан (гостиница в японском стиле)"
"会場","かいじょう","место проведения, зал"
"バス停","バスてい","автобусная остановка"
"貿易","ぼうえき","внешняя торговля"
"帰りに","かえりに","на обратном пути"
"たまに","たまに","изредка"
"さっとも","さっとも","совсем не (с отрицанием)"
"遠慮なく","えんりょなく","не стесняясь, без церемоний"
"～年～組","～ねん～くみ","～класс ～-го года обучения"
"では","では","итак, ну что ж"
"出します「熱を」","だします「ねつを」","подниматься (о температуре)"
"よろしくお伝えください","よろしくおつたえください","передавайте привет"
"失礼いたします","しつれいいたします","до свидания (скромно)"
"講師","こうし","преподаватель, лектор"
"多くの～","おおくの～","многие ~, много ~"
"作品","さくひん","произведение (искусства)"
"受賞します","じゅしょうします","получать награду"
"世界的に","せかいてきに","во всём мире, всемирно"
"作家","さっか","писатель"
"長男","ちょうなん","старший сын"
"障害","しょうがい","инвалидность, недостаток"
"お持ちです","おもちです","иметь (почтительно)"
"作曲","さっきょく","сочинение музыки"
"活動","だつどう","деятельность"
"それでは","それでは","итак, в таком случае"
"","",""
"","",""
"Lesson 50:","",""
"参ります","まいります","идти, приходить (скромно)"
"おります","おります","быть, находиться (скромно)"
"いただきます","いただきます","есть, пить, получать (скромно)"
"申します","もうします","говорить (скромно)"
"いたします","いたします","делать (скромно)"
"拝見します","はいけんします","смотреть (скромно)"
"存じます","ぞんじます","знать (скромно)"
"伺います","うかがいます","спрашивать, навещать (скромно)"
"お目にかかります","おめにかかります","встречаться (скромно)"
"ございます","ございます","быть, иметься (вежливо)"
"～でございます","～でございます","быть (вежливая форма です)"
"私","わたくし","я (скромно)"
"お宅","おたく","(чей-то) дом"
"郊外","こうがい","пригород"
"さ来週","さらいしゅう","через неделю (после следующей)"
"さ来月","さらいげつ","через месяц (после следующего)"
"さ来年","さらいねん","через год (после следующего)"
"半年","はんとし","полгода"
"最初に","さいしょに","сперва, в самом начале"
"最後に","さいごに","напоследок, в конце"
"ただ今","ただいま","сейчас, только что"
"緊張します","きんちょうします","волноваться, напрягаться"
"放送します","ほうそうします","вести трансляцию"
"撮ります「ビデオに」","とります「ビデオに」","записывать (на видео)"
"賞金","しょうきん","денежный приз"
"自然","しぜん","природа"
"麒麟","きりん","жираф"
"象","ぞう","слон"
"ころ","ころ","время, пора"
"適います「夢が」","かないます「ゆめが」","сбываться (о мечте)"
"ひとことよろしいでしょうか","ひとことよろしいでしょうか","можно сказать пару слов?"
"協力します","きょうりょくします","сотрудничать, содействовать"
"心から","こころから","от всего сердца"
"感謝します","かんしゃします","благодарить, быть признательным"
"拝啓","はいけい","уважаемый ~ (начало письма)"
"美しい","うつくしい","красивый, прекрасный"
"迷惑掛けます","まいわくかけます","причинять беспокойство"
"生かします","いかします","использовать с пользой"
"「お」城","「お」しろ","замок (крепость)"
"敬具","けいぐ","с уважением (конец письма)"
